{

    "metadata" :
    {
        "formatVersion" : 3.1,
        "sourceFile"    : "dx1.obj",
        "generatedBy"   : "OBJConverter",
        "vertices"      : 24,
        "faces"         : 18,
        "normals"       : 18,
        "colors"        : 0,
        "uvs"           : 12,
        "materials"     : 3
    },

    "scale" : 1.000000,

    "materials": [	{
	"DbgColor" : 15658734,
	"DbgIndex" : 0,
	"DbgName" : "wire_006135006",
	"colorAmbient" : [0.0235, 0.5294, 0.0235],
	"colorDiffuse" : [0.0235, 0.5294, 0.0235],
	"colorSpecular" : [0.35, 0.35, 0.35],
	"illumination" : 2,
	"specularCoef" : 32.0,
	"transparency" : 0.0
	},

	{
	"DbgColor" : 15597568,
	"DbgIndex" : 1,
	"DbgName" : "wire_008008136",
	"colorAmbient" : [0.0314, 0.0314, 0.5333],
	"colorDiffuse" : [0.0314, 0.0314, 0.5333],
	"colorSpecular" : [0.35, 0.35, 0.35],
	"illumination" : 2,
	"specularCoef" : 32.0,
	"transparency" : 0.0
	},

	{
	"DbgColor" : 60928,
	"DbgIndex" : 2,
	"DbgName" : "wire_135006006",
	"colorAmbient" : [0.5294, 0.0235, 0.0235],
	"colorDiffuse" : [0.5294, 0.0235, 0.0235],
	"colorSpecular" : [0.35, 0.35, 0.35],
	"illumination" : 2,
	"specularCoef" : 32.0,
	"transparency" : 0.0
	}],

    "vertices": [-8.548700,0.000000,-0.701600,-8.548700,0.000000,-52.694700,-0.138800,0.000000,-52.694700,-0.138800,0.000000,-0.701600,-8.548700,5.959500,-0.701600,-0.138800,5.959500,-0.701600,-0.138800,5.959500,-52.694700,-8.548700,5.959500,-52.694700,-0.046400,1.833300,-0.383100,-0.046400,51.833300,-0.383100,-0.046400,51.833300,9.578500,-0.046400,1.833300,9.578500,-9.241800,1.833300,-0.383100,-9.241800,1.833300,9.578500,-9.241800,51.833300,9.578500,-9.241800,51.833300,-0.383100,1.418500,0.000000,9.334800,1.418500,0.000000,-1.404800,71.551700,0.000000,-1.404800,71.551700,0.000000,9.334800,1.418500,6.356900,9.334800,71.551700,6.356900,9.334800,71.551700,6.356900,-1.404800,1.418500,6.356900,-1.404800],

    "morphTargets": [],

    "morphColors": [],

    "normals": [0,-1,-0,0,1,-0,0,0,1,1,0,-0,0,0,-1,-1,0,-0,1,0,0,-1,-0,-0,0,-1,0,-0,0,1,-0,1,-0,0,0,-1,0,-1,-0,0,1,-0,0,0,1,1,0,-0,0,0,-1,-1,0,-0],

    "colors": [],

    "uvs": [[1,0,1,1,0,1,0,0,1,0,1,1,0,1,0,0,1,0,1,1,0,1,0,0]],

    "faces": [43,0,1,2,3,0,0,1,2,3,0,0,0,0,43,4,5,6,7,0,3,0,1,2,1,1,1,1,43,0,3,5,4,0,3,0,1,2,2,2,2,2,43,3,2,6,5,0,3,0,1,2,3,3,3,3,43,2,1,7,6,0,3,0,1,2,4,4,4,4,43,1,0,4,7,0,3,0,1,2,5,5,5,5,43,8,9,10,11,1,4,5,6,7,6,6,6,6,43,12,13,14,15,1,7,4,5,6,7,7,7,7,43,8,11,13,12,1,7,4,5,6,8,8,8,8,43,11,10,14,13,1,7,4,5,6,9,9,9,9,43,10,9,15,14,1,7,4,5,6,10,10,10,10,43,9,8,12,15,1,7,4,5,6,11,11,11,11,43,16,17,18,19,2,8,9,10,11,12,12,12,12,43,20,21,22,23,2,11,8,9,10,13,13,13,13,43,16,19,21,20,2,11,8,9,10,14,14,14,14,43,19,18,22,21,2,11,8,9,10,15,15,15,15,43,18,17,23,22,2,11,8,9,10,16,16,16,16,43,17,16,20,23,2,11,8,9,10,17,17,17,17]

}
