{

    "metadata" :
    {
        "formatVersion" : 3.1,
        "sourceFile"    : "qiangbi2.obj",
        "generatedBy"   : "OBJConverter",
        "vertices"      : 100,
        "faces"         : 112,
        "normals"       : 34,
        "colors"        : 0,
        "uvs"           : 128,
        "materials"     : 2
    },

    "scale" : 1.000000,

    "materials": [	{
	"DbgColor" : 15658734,
	"DbgIndex" : 0,
	"DbgName" : "wire_008110135",
	"colorAmbient" : [0.0314, 0.4314, 0.5294],
	"colorDiffuse" : [0.0314, 0.4314, 0.5294],
	"colorSpecular" : [0.35, 0.35, 0.35],
	"illumination" : 2,
	"specularCoef" : 32.0,
	"transparency" : 0.0
	},

	{
	"DbgColor" : 15597568,
	"DbgIndex" : 1,
	"DbgName" : "wire_224086086",
	"colorAmbient" : [0.8784, 0.3373, 0.3373],
	"colorDiffuse" : [0.8784, 0.3373, 0.3373],
	"colorSpecular" : [0.35, 0.35, 0.35],
	"illumination" : 2,
	"specularCoef" : 32.0,
	"transparency" : 0.0
	}],

    "vertices": [93.534900,96.000000,-97.081200,93.509400,96.000000,-92.073800,93.509400,0.000000,-92.073800,93.534900,0.000000,-97.081200,88.509400,96.000000,-92.099300,88.509400,0.000000,-92.099300,88.527600,96.000000,-97.099300,88.527600,0.000000,-97.099300,92.743200,96.000000,58.101300,87.768600,96.000000,58.101300,87.768600,0.000000,58.101300,92.743200,0.000000,58.101300,87.768600,96.000000,53.101300,87.768600,0.000000,53.101300,92.768500,96.000000,53.126800,92.768500,0.000000,53.126800,-122.997700,96.000000,-97.865700,-117.928400,96.000000,-97.847400,-117.928400,0.000000,-97.847400,-122.997700,0.000000,-97.865700,-117.946500,96.000000,-92.847400,-117.946500,0.000000,-92.847400,-122.946200,96.000000,-92.796600,-122.946200,0.000000,-92.796600,-121.414300,96.000000,58.101300,-121.464500,96.000000,53.152100,-121.464500,0.000000,53.152100,-121.414300,0.000000,58.101300,-116.464800,96.000000,53.101300,-116.464800,0.000000,53.101300,-116.464800,96.000000,58.101300,-116.464800,0.000000,58.101300,-36.848100,0.000000,-121.172300,-19.983800,12.000000,-102.020500,-34.204700,12.000000,-118.170300,-34.204700,92.886200,-118.170300,-35.347100,0.000000,-122.494000,-35.347100,96.886200,-122.494000,-32.703700,92.886200,-119.492000,-32.703700,12.000000,-119.492000,-19.983800,92.886200,-102.020500,-36.848100,96.886200,-121.172300,-17.340400,-0.000000,-99.018500,-17.340400,96.886200,-99.018500,-15.839300,0.000000,-100.340200,-18.482800,12.000000,-103.342200,-18.482800,92.886200,-103.342200,-15.839300,96.886200,-100.340200,-73.297400,-0.000000,-97.684300,-57.365000,12.000000,-117.618100,-70.800000,12.000000,-100.808900,-70.800000,92.886200,-100.808900,-74.859700,0.000000,-98.933000,-74.859700,96.886200,-98.933000,-72.362300,92.886200,-102.057600,-72.362300,12.000000,-102.057600,-57.365000,92.886200,-117.618100,-73.297400,96.886200,-97.684300,-54.867600,0.000000,-120.742700,-54.867600,96.886200,-120.742700,-56.429900,0.000000,-121.991400,-58.927300,12.000000,-118.866800,-58.927300,92.886200,-118.866800,-56.429900,96.886200,-121.991300,-33.548000,12.000000,-118.748500,-19.327100,12.000000,-102.598700,-19.327100,92.886200,-102.598700,-33.548000,92.886200,-118.748500,-19.139500,12.000000,-102.764000,-33.360300,12.000000,-118.913800,-33.360300,92.886200,-118.913700,-19.139500,92.886200,-102.763900,-71.483500,12.000000,-101.355200,-58.048500,12.000000,-118.164400,-58.048500,92.886200,-118.164400,-71.483500,92.886200,-101.355200,-58.243800,12.000000,-118.320500,-71.678800,12.000000,-101.511300,-71.678800,92.886200,-101.511300,-58.243800,92.886200,-118.320400,-74.767200,-0.000000,-95.053500,-76.766600,-0.000000,-95.005800,-76.883000,0.000000,-99.885000,-74.883500,0.000000,-99.932700,-74.767200,96.886200,-95.053500,-76.766600,96.886200,-95.005800,-74.883500,96.886200,-99.932700,-76.883000,96.886200,-99.885000,-13.747400,-0.000000,-96.508400,-15.746800,-0.000000,-96.460700,-15.863200,0.000000,-101.339900,-13.863700,0.000000,-101.387600,-13.747400,96.886200,-96.508300,-15.746800,96.886200,-96.460700,-13.863700,96.886200,-101.387600,-15.863200,96.886200,-101.339900,-13.747400,98.886200,-96.508300,-76.766600,98.886200,-95.005800,-13.863700,98.886200,-101.387600,-76.883000,98.886200,-99.885000],

    "morphTargets": [],

    "morphColors": [],

    "normals": [1,0,0.0051,-0.0051,0,1,-1,0,-0.0036,0.0036,0,-1,0,1,-0,0,-1,-0,0,0,1,-1,0,-0,0.0051,0,-1,1,0,0.0036,0.0102,0,0.9999,-0.9999,0,0.0102,-0.0102,0,-0.9999,1,0,-0,-0.0036,0,1,-1,0,-0.0051,0,0,-1,0.9999,0,-0.0102,-0.7505,-0,0.6609,0.7505,0,-0.6609,-0.6609,0,-0.7505,0.6609,-0,0.7505,-0,-1,-0,0,1,0,-0.7505,0,0.6609,0.7811,-0,0.6243,-0.7811,0,-0.6243,-0.6243,-0,0.7811,0.6243,0,-0.7811,0.7811,0,0.6243,0.0238,-0,0.9997,0.9997,0,-0.0238,-0.0238,0,-0.9997,-0.9997,0,0.0238],

    "colors": [],

    "uvs": [[0.9962,1.5,0.9641,1.5,0.9641,0.5,0.9962,0.5,0.999,1.5,0.9759,1.5,0.9759,0.5,0.999,0.5,0.0357,1.5,0.0037,1.5,0.0037,0.5,0.0357,0.5,0.024,1.5,0.0009,1.5,0.0009,0.5,0.024,0.5,0.999,0.9641,0.9991,0.9962,0.976,0.9963,0.9759,0.9643,0.001,0.9641,0.0241,0.9643,0.024,0.9963,0.0009,0.9962,0.9954,1.5,0.9725,1.5,0.9725,0.5,0.9954,0.5,0.9987,1.5,0.9667,1.5,0.9667,0.5,0.9987,0.5,0.0275,1.5,0.0045,1.5,0.0045,0.5,0.0275,0.5,0.0332,1.5,0.0013,1.5,0.0013,0.5,0.0332,0.5,0.9725,0.0013,0.9954,0.0013,0.9955,0.0332,0.9725,0.0333,0.0275,0.0013,0.0275,0.0333,0.0045,0.0332,0.0046,0.0013,1.0009,1.5,0.9775,1.5,0.9775,0.5,1.0009,0.5,1.0011,1.5,0.9691,1.5,0.9691,0.5,1.0011,0.5,0.0224,1.5,-0.0007,1.5,-0.0007,0.5,0.0224,0.5,0.0312,1.5,-0.0013,1.5,-0.0013,0.5,0.0312,0.5,0.0225,1.0011,-0.0009,1.0013,-0.0007,0.9688,0.0224,0.9691,0.9775,1.0011,0.9776,0.9691,1.0007,0.9688,1.0009,1.0013,0.9987,1.5,0.967,1.5,0.967,0.5,0.9987,0.5,0.9938,1.5,0.9707,1.5,0.9707,0.5,0.9938,0.5,0.0333,1.5,0.0013,1.5,0.0013,0.5,0.0333,0.5,0.0293,1.5,0.0064,1.5,0.0064,0.5,0.0293,0.5,0.0062,0.033,0.0064,0.0013,0.0293,0.0013,0.0293,0.0333,0.9938,0.033,0.9707,0.0333,0.9707,0.0013,0.9936,0.0013,0.0309,1.5,-0.0011,1.5,-0.0011,0.5,0.0309,0.5,0.9643,1.5,0.9643,0.5,0.9963,0.5,0.9963,1.5,0.9725,0.5,0.9955,0.5,0.9955,1.5,0.9725,1.5,0.001,1.5,0.001,0.5,0.0241,0.5,0.0241,1.5,0.9667,0.5,0.9987,0.5,0.9987,1.5,0.9667,1.5,0.0013,1.5,0.0013,0.5,0.0333,0.5,0.0333,1.5,0.0293,1.5,0.0062,1.5,0.0062,0.5,0.0293,0.5,0.9776,1.5,0.9776,0.5,1.0007,0.5,1.0007,1.5]],