{

    "metadata" :
    {
        "formatVersion" : 3.1,
        "sourceFile"    : "door3.obj",
        "generatedBy"   : "OBJConverter",
        "vertices"      : 120,
        "faces"         : 208,
        "normals"       : 120,
        "colors"        : 0,
        "uvs"           : 0,
        "materials"     : 0
    },

    "scale" : 1.000000,

    "materials": [	{
	"DbgColor" : 15658734,
	"DbgIndex" : 0,
	"DbgName" : "default"
	}],

    "vertices": [189.936096,-41.091743,-0.000002,94.874710,40.098366,-0.000018,186.894470,-38.493946,11.999997,97.916336,37.500572,11.999983,186.894424,-38.493904,496.000000,97.916290,37.500614,495.999969,189.936050,-41.091698,500.000000,94.874664,40.098412,499.999969,188.637207,-42.612553,-0.000002,93.575821,38.577553,-0.000018,185.595581,-40.014759,11.999997,96.617439,35.979759,11.999983,185.595535,-40.014717,496.000000,96.617393,35.979805,495.999969,188.637161,-42.612511,500.000000,93.575775,38.577599,499.999969,-2.784467,-41.091724,-0.000020,92.276924,40.098366,-0.000018,0.257143,-38.493931,11.999981,89.235298,37.500576,11.999982,0.257099,-38.493889,495.999969,89.235252,37.500618,495.999969,-2.784512,-41.091682,499.999969,92.276878,40.098412,499.999969,-1.485578,-42.612537,-0.000019,93.575821,38.577553,-0.000018,1.556047,-40.014744,11.999981,90.534195,35.979763,11.999982,1.556004,-40.014702,495.999969,90.534149,35.979805,495.999969,-1.485623,-42.612492,499.999969,93.575775,38.577599,499.999969,-117.399323,-41.091713,-0.000030,-212.460709,40.098392,-0.000045,-120.440948,-38.493919,11.999969,-209.419083,37.500599,11.999955,-120.440987,-38.493877,495.999969,-209.419128,37.500645,495.999969,-117.399368,-41.091671,499.999969,-212.460754,40.098438,499.999969,-118.698212,-42.612526,-0.000030,-213.759598,38.577579,-0.000045,-121.739838,-40.014732,11.999969,-210.717972,35.979786,11.999955,-121.739876,-40.014690,495.999969,-210.718018,35.979832,495.999969,-118.698257,-42.612480,499.999969,-213.759644,38.577625,499.999969,-310.119873,-41.091698,-0.000047,-215.058487,40.098392,-0.000046,-307.078278,-38.493904,11.999953,-218.100113,37.500603,11.999954,-307.078308,-38.493862,495.999939,-218.100159,37.500645,495.999969,-310.119904,-41.091656,499.999939,-215.058533,40.098438,499.999969,-308.820984,-42.612511,-0.000047,-213.759598,38.577579,-0.000045,-305.779358,-40.014717,11.999953,-216.801224,35.979790,11.999954,-305.779388,-40.014675,495.999939,-216.801270,35.979832,495.999969,-308.821014,-42.612465,499.999939,-213.759644,38.577625,499.999969,186.326202,-39.159302,11.999997,97.348068,36.835213,11.999983,186.326157,-39.159260,496.000000,97.348022,36.835255,495.999969,0.825410,-39.159286,11.999981,89.803566,36.835217,11.999982,0.825367,-39.159245,495.999969,89.803520,36.835258,495.999969,186.163849,-39.349403,11.999997,97.185707,36.645119,11.999983,186.163803,-39.349361,496.000000,97.185661,36.645161,495.999969,0.987779,-39.349388,11.999981,89.965927,36.645123,11.999982,0.987736,-39.349346,495.999969,89.965881,36.645164,495.999969,-121.009216,-39.159275,11.999969,-209.987350,36.835239,11.999955,-121.009254,-39.159233,495.999969,-209.987396,36.835285,495.999969,-306.510010,-39.159260,11.999953,-217.531845,36.835243,11.999954,-306.510040,-39.159218,495.999939,-217.531891,36.835285,495.999969,-121.171570,-39.349377,11.999969,-210.149704,36.645145,11.999955,-121.171608,-39.349335,495.999969,-210.149750,36.645191,495.999969,-306.347656,-39.349361,11.999953,-217.369492,36.645149,11.999954,-306.347687,-39.349319,495.999939,-217.369537,36.645191,495.999969,191.936096,-40.091743,-0.000002,189.936096,-40.091743,-0.000002,189.936096,-68.847946,0.000000,191.936096,-68.847946,0.000000,191.936050,-40.091698,500.000000,189.936050,-40.091698,500.000000,189.936050,-68.847900,500.000000,191.936050,-68.847900,500.000000,-310.119904,-40.091698,-0.000047,-312.119904,-40.091698,-0.000047,-312.119904,-68.847900,-0.000045,-310.119904,-68.847900,-0.000045,-310.119934,-40.091656,499.999939,-312.119934,-40.091656,499.999939,-312.119934,-68.847862,499.999969,-310.119934,-68.847862,499.999969,191.936050,-40.091698,500.000000,191.936050,-40.091698,502.000000,191.936050,-68.847900,502.000000,191.936050,-68.847900,500.000000,-312.119934,-40.091656,499.999939,-312.119934,-40.091652,501.999939,-312.119934,-68.847855,501.999969,-312.119934,-68.847862,499.999969],

    "morphTargets": [],

    "morphColors": [],

    "normals": [0.64945,0.76041,-0,0.64945,0.76041,-0,0.64945,0.76041,-0,0.64945,0.76041,-0,0.64945,0.76041,-0,0.64945,0.76041,-0,0.64945,0.76041,-0,0.64945,0.76041,-0,-0.64945,-0.76041,0,-0.64945,-0.7604,0,-0.64945,-0.76041,0,-0.64945,-0.7604,0,-0.64945,-0.76041,0,-0.64945,-0.7604,0,-0.64945,-0.76041,0,-0.64945,-0.7604,0,-0.64945,0.7604,-0,-0.64945,0.76041,-0,-0.64945,0.7604,-0,-0.64945,0.76041,-0,-0.64945,0.7604,-0,-0.64945,0.76041,-0,-0.64945,0.7604,-0,-0.64945,0.76041,-0,0.64945,-0.76041,0,0.64945,-0.76041,0,0.64945,-0.76041,0,0.64945,-0.76041,0,0.64945,-0.76041,0,0.64945,-0.76041,0,0.64945,-0.76041,0,0.64945,-0.76041,0,0.64945,0.76041,-0,0.64945,0.76041,-0,0.64945,0.76041,-0,0.64945,0.76041,-0,0.64945,0.76041,-0,0.64945,0.76041,-0,0.64945,0.76041,-0,0.64945,0.76041,-0,-0.64945,-0.76041,0,-0.64945,-0.76041,0,-0.64945,-0.76041,0,-0.64945,-0.76041,0,-0.64945,-0.76041,0,-0.64945,-0.76041,0,-0.64945,-0.76041,0,-0.64945,-0.76041,0,-0.64945,0.7604,-0,-0.64945,0.76041,-0,-0.64945,0.7604,-0,-0.64945,0.76041,-0,-0.64945,0.7604,-0,-0.64945,0.76041,-0,-0.64945,0.7604,-0,-0.64945,0.76041,-0,0.64945,-0.76041,0,0.64945,-0.76041,0,0.64945,-0.76041,0,0.64945,-0.76041,0,0.64945,-0.76041,0,0.64945,-0.76041,0,0.64945,-0.76041,0,0.64945,-0.76041,0,0.64945,0.76041,-0,0.64945,0.76041,-0,0.64945,0.76041,-0,0.64945,0.76041,-0,-0.64945,0.76041,-0,-0.64945,0.76041,-0,-0.64945,0.76041,-0,-0.64945,0.76041,-0,-0.64945,-0.76041,0,-0.64945,-0.76041,0,-0.64945,-0.76041,0,-0.64945,-0.76041,0,0.64945,-0.76041,0,0.64945,-0.76041,0,0.64945,-0.76041,0,0.64945,-0.76041,0,0.64945,0.76041,-0,0.64945,0.76041,-0,0.64945,0.76041,-0,0.64945,0.76041,-0,-0.64945,0.76041,-0,-0.64945,0.76041,-0,-0.64945,0.76041,-0,-0.64945,0.76041,-0,-0.64945,-0.76041,0,-0.64945,-0.76041,0,-0.64945,-0.76041,0,-0.64945,-0.76041,0,0.64945,-0.76041,0,0.64945,-0.76041,0,0.64945,-0.76041,0,0.64945,-0.76041,0,0,-0,-1,0,-0,-1,0,-0,-1,0,-0,-1,0,1,-0,0,1,-0,-1,0,-0,-0,-1,0,0,-0,-1,0,-0,-1,0,-0,-1,0,-0,-1,0,1,-0,0,1,-0,-1,0,-0,-0,-1,0,0,1,-0,0,1,-0,-0,0,1,-0,-1,0,0,1,-0,0,1,-0,-0,0,1,-0,-1,0],

    "colors": [],

    "uvs": [[]],