{

    "metadata" :
    {
        "formatVersion" : 3.1,
        "sourceFile"    : "door2.obj",
        "generatedBy"   : "OBJConverter",
        "vertices"      : 72,
        "faces"         : 120,
        "normals"       : 72,
        "colors"        : 0,
        "uvs"           : 0,
        "materials"     : 0
    },

    "scale" : 1.000000,

    "materials": [	{
	"DbgColor" : 15658734,
	"DbgIndex" : 0,
	"DbgName" : "default"
	}],

    "vertices": [-20.963081,1.782000,16.348337,-110.359543,-43.767780,16.348341,-24.527105,-0.033963,28.348337,-106.795517,-41.951820,28.348341,-24.527065,-0.034005,513.237366,-106.795479,-41.951862,513.237366,-20.963039,1.781957,517.237366,-110.359505,-43.767826,517.237366,-20.055099,-0.000013,16.348337,-109.451561,-45.549793,16.348341,-23.619123,-1.815976,28.348337,-105.887535,-43.733833,28.348341,-23.619083,-1.816018,513.237366,-105.887497,-43.733875,513.237366,-20.055056,-0.000056,517.237366,-109.451523,-45.549839,517.237366,-199.756012,1.781985,16.348352,-110.359528,-43.767780,16.348341,-196.191986,-0.033978,28.348352,-113.923553,-41.951820,28.348341,-196.191940,-0.034020,513.237366,-113.923515,-41.951862,513.237366,-199.755966,1.781941,517.237366,-110.359489,-43.767826,517.237366,-200.663986,-0.000028,16.348352,-111.267509,-45.549793,16.348341,-197.099960,-1.815991,28.348352,-114.831535,-43.733833,28.348341,-197.099915,-1.816033,513.237366,-114.831497,-43.733875,513.237366,-200.663940,-0.000072,517.237366,-111.267471,-45.549839,517.237366,-24.129864,-0.813594,28.348337,-106.398270,-42.731453,28.348341,-24.129824,-0.813636,513.237366,-106.398232,-42.731495,513.237366,-196.589218,-0.813609,28.348352,-114.320801,-42.731453,28.348341,-196.589172,-0.813651,513.237366,-114.320763,-42.731495,513.237366,-24.016365,-1.036345,28.348337,-106.284775,-42.954205,28.348341,-24.016325,-1.036388,513.237366,-106.284737,-42.954247,513.237366,-196.702713,-1.036360,28.348352,-114.434296,-42.954205,28.348341,-196.702667,-1.036403,513.237366,-114.434258,-42.954247,513.237366,1.999997,28.740988,16.348337,-0.000003,28.740988,16.348337,0.000000,-1.000011,16.348335,2.000000,-1.000011,16.348335,2.000040,28.740944,517.237366,0.000040,28.740944,517.237366,0.000043,-1.000055,517.237366,2.000043,-1.000054,517.237366,-200.664001,28.740971,16.348354,-202.664001,28.740971,16.348354,-202.664001,-1.000028,16.348352,-200.664001,-1.000028,16.348352,-200.663956,28.740927,517.237366,-202.663956,28.740927,517.237366,-202.663956,-1.000072,517.237366,-200.663956,-1.000072,517.237366,2.000040,28.740944,517.237366,2.000041,28.740944,519.237366,2.000043,-1.000055,519.237366,2.000043,-1.000054,517.237366,-202.663956,28.740927,517.237366,-202.663956,28.740927,519.237366,-202.663956,-1.000072,519.237366,-202.663956,-1.000072,517.237366],

    "morphTargets": [],

    "morphColors": [],

    "normals": [-0.45399,0.89101,0,-0.45399,0.89101,0,-0.45399,0.89101,0,-0.45399,0.89101,0,-0.45399,0.89101,0,-0.45399,0.89101,0,-0.45399,0.89101,0,-0.45399,0.89101,0,0.45399,-0.89101,-0,0.45399,-0.89101,-0,0.45399,-0.89101,-0,0.45399,-0.89101,-0,0.45399,-0.89101,-0,0.45399,-0.89101,-0,0.45399,-0.89101,-0,0.45399,-0.89101,-0,0.45399,0.89101,0,0.45399,0.89101,0,0.45399,0.89101,0,0.45399,0.89101,0,0.45399,0.89101,0,0.45399,0.89101,0,0.45399,0.89101,0,0.45399,0.89101,0,-0.45399,-0.89101,-0,-0.45399,-0.89101,-0,-0.45399,-0.89101,-0,-0.45399,-0.89101,-0,-0.45399,-0.89101,-0,-0.45399,-0.89101,-0,-0.45399,-0.89101,-0,-0.45399,-0.89101,-0,-0.45399,0.89101,0,-0.45399,0.89101,0,-0.45399,0.89101,0,-0.45399,0.89101,0,0.45399,0.89101,0,0.45399,0.89101,0,0.45399,0.89101,0,0.45399,0.89101,0,0.45399,-0.89101,-0,0.45399,-0.89101,-0,0.45399,-0.89101,-0,0.45399,-0.89101,-0,-0.45399,-0.89101,-0,-0.45399,-0.89101,-0,-0.45399,-0.89101,-0,-0.45399,-0.89101,-0,-0,0,-1,-0,0,-1,-0,0,-1,-0,0,-1,-0,1,0,-0,1,0,-1,-0,0,0,-1,-0,-0,0,-1,-0,0,-1,-0,0,-1,-0,0,-1,-0,1,0,-0,1,0,-1,-0,0,0,-1,-0,-0,1,0,-0,1,0,0,-0,1,0,-1,-0,-0,1,0,-0,1,0,0,-0,1,0,-1,-0],

    "colors": [],

    "uvs": [[]],

    "faces": [34,0,2,4,0,0,2,4,34,8,12,10,0,8,12,10,34,16,20,18,0,16,20,18,34,24,26,28,0,24,26,28,34,4,6,0,0,4,6,0,34,12,8,14,0,12,8,14,34,22,20,16,0,22,20,16,34,28,30,24,0,28,30,24,34,8,0,6,0,8,0,6,34,6,14,8,0,6,14,8,34,16,24,22,0,16,24,22,34,30,22,24,0,30,22,24,34,2,10,12,0,2,10,12,34,12,4,2,0,12,4,2,34,26,18,28,0,26,18,28,34,20,28,18,0,20,28,18,34,1,5,3,0,1,5,3,34,9,11,13,0,9,11,13,34,17,19,21,0,17,19,21,34,25,29,27,0,25,29,27,34,5,1,7,0,5,1,7,34,13,15,9,0,13,15,9,34,21,23,17,0,21,23,17,34,31,29,25,0,31,29,25,34,1,9,15,0,1,9,15,34,15,7,1,0,15,7,1,34,25,17,31,0,25,17,31,34,23,31,17,0,23,31,17,34,3,5,13,0,3,5,13,34,13,11,3,0,13,11,3,34,21,19,29,0,21,19,29,34,27,29,19,0,27,29,19,34,0,3,2,0,0,3,2,34,8,10,11,0,8,10,11,34,16,18,19,0,16,18,19,34,24,27,26,0,24,27,26,34,3,0,1,0,3,0,1,34,11,9,8,0,11,9,8,34,19,17,16,0,19,17,16,34,25,27,24,0,25,27,24,34,0,8,9,0,0,8,9,34,9,1,0,0,9,1,0,34,24,16,25,0,24,16,25,34,17,25,16,0,17,25,16,34,2,3,11,0,2,3,11,34,11,10,2,0,11,10,2,34,19,18,27,0,19,18,27,34,26,27,18,0,26,27,18,34,6,4,5,0,6,4,5,34,14,13,12,0,14,13,12,34,22,21,20,0,22,21,20,34,30,28,29,0,30,28,29,34,5,7,6,0,5,7,6,34,13,14,15,0,13,14,15,34,23,21,22,0,23,21,22,34,29,31,30,0,29,31,30,34,6,7,15,0,6,7,15,34,15,14,6,0,15,14,6,34,23,22,31,0,23,22,31,34,30,31,22,0,30,31,22,34,4,12,13,0,4,12,13,34,13,5,4,0,13,5,4,34,28,20,29,0,28,20,29,34,21,29,20,0,21,29,20,34,32,33,35,0,32,33,35,34,35,34,32,0,35,34,32,34,37,36,39,0,37,36,39,34,38,39,36,0,38,39,36,34,41,40,43,0,41,40,43,34,42,43,40,0,42,43,40,34,44,45,47,0,44,45,47,34,47,46,44,0,47,46,44,34,32,34,42,0,32,34,42,34,42,40,32,0,42,40,32,34,35,33,43,0,35,33,43,34,41,43,33,0,41,43,33,34,34,35,43,0,34,35,43,34,43,42,34,0,43,42,34,34,33,32,41,0,33,32,41,34,40,41,32,0,40,41,32,34,38,36,46,0,38,36,46,34,44,46,36,0,44,46,36,34,37,39,47,0,37,39,47,34,47,45,37,0,47,45,37,34,39,38,47,0,39,38,47,34,46,47,38,0,46,47,38,34,36,37,45,0,36,37,45,34,45,44,36,0,45,44,36,34,49,48,50,0,49,48,50,34,51,50,48,0,51,50,48,34,48,49,53,0,48,49,53,34,53,52,48,0,53,52,48,34,49,50,54,0,49,50,54,34,54,53,49,0,54,53,49,34,50,51,55,0,50,51,55,34,55,54,50,0,55,54,50,34,51,48,52,0,51,48,52,34,52,55,51,0,52,55,51,34,57,56,58,0,57,56,58,34,59,58,56,0,59,58,56,34,56,57,61,0,56,57,61,34,61,60,56,0,61,60,56,34,57,58,62,0,57,58,62,34,62,61,57,0,62,61,57,34,58,59,63,0,58,59,63,34,63,62,58,0,63,62,58,34,59,56,60,0,59,56,60,34,60,63,59,0,60,63,59,34,64,68,69,0,64,68,69,34,69,65,64,0,69,65,64,34,65,69,70,0,65,69,70,34,70,66,65,0,70,66,65,34,67,66,70,0,67,66,70,34,70,71,67,0,70,71,67,34,64,67,71,0,64,67,71,34,71,68,64,0,71,68,64,34,64,65,66,0,64,65,66,34,66,67,64,0,66,67,64,34,69,68,71,0,69,68,71,34,71,70,69,0,71,70,69]

}
