{

    "metadata" :
    {
        "formatVersion" : 3.1,
        "sourceFile"    : "door1.obj",
        "generatedBy"   : "OBJConverter",
        "vertices"      : 72,
        "faces"         : 120,
        "normals"       : 72,
        "colors"        : 0,
        "uvs"           : 0,
        "materials"     : 0
    },

    "scale" : 1.000000,

    "materials": [	{
	"DbgColor" : 15658734,
	"DbgIndex" : 0,
	"DbgName" : "default"
	}],

    "vertices": [-80.824905,1.175578,-0.000007,-139.603439,-79.726112,-0.000005,-83.176056,-2.060489,11.999993,-137.252304,-76.490044,11.999994,-83.176094,-2.060447,496.000000,-137.252350,-76.489998,496.000000,-80.824951,1.175621,500.000000,-139.603485,-79.726067,500.000000,-79.206871,0.000007,-0.000007,-137.985413,-80.901688,-0.000005,-81.558022,-3.236060,11.999993,-135.634262,-77.665619,11.999995,-81.558060,-3.236017,496.000000,-135.634308,-77.665573,496.000000,-79.206917,0.000051,500.000000,-137.985458,-80.901642,500.000000,-198.381958,1.175588,-0.000017,-139.603439,-79.726112,-0.000005,-196.030807,-2.060479,11.999983,-141.954575,-76.490044,11.999994,-196.030853,-2.060437,495.999969,-141.954620,-76.489998,496.000000,-198.382004,1.175632,499.999969,-139.603485,-79.726067,500.000000,-199.999985,0.000017,-0.000018,-141.221466,-80.901688,-0.000005,-197.648849,-3.236049,11.999983,-143.572617,-77.665619,11.999994,-197.648895,-3.236007,495.999969,-143.572662,-77.665573,496.000000,-200.000031,0.000061,499.999969,-141.221512,-80.901642,500.000000,-82.468163,-2.574801,11.999993,-136.544418,-77.004356,11.999995,-82.468201,-2.574759,496.000000,-136.544464,-77.004311,496.000000,-196.738693,-2.574791,11.999983,-142.662460,-77.004356,11.999994,-196.738739,-2.574749,495.999969,-142.662506,-77.004311,496.000000,-82.265907,-2.721748,11.999993,-136.342163,-77.151306,11.999995,-82.265945,-2.721705,496.000000,-136.342209,-77.151260,496.000000,-196.940948,-2.721738,11.999983,-142.864716,-77.151306,11.999994,-196.940994,-2.721695,495.999969,-142.864761,-77.151260,496.000000,2.000003,30.999998,-0.000003,0.000003,30.999998,-0.000003,-0.000000,-1.000000,0.000000,2.000000,-1.000000,0.000000,1.999959,31.000042,500.000000,-0.000041,31.000042,500.000000,-0.000044,-0.999956,500.000000,1.999956,-0.999956,500.000000,-199.999985,31.000015,-0.000020,-201.999985,31.000015,-0.000020,-201.999985,-0.999982,-0.000018,-199.999985,-0.999982,-0.000017,-200.000031,31.000059,499.999969,-202.000031,31.000059,499.999969,-202.000031,-0.999939,499.999969,-200.000031,-0.999939,499.999969,1.999959,31.000042,500.000000,1.999959,31.000042,502.000000,1.999956,-0.999956,502.000000,1.999956,-0.999956,500.000000,-202.000031,31.000059,499.999969,-202.000031,31.000059,501.999969,-202.000031,-0.999938,501.999969,-202.000031,-0.999939,499.999969],

    "morphTargets": [],

    "morphColors": [],

    "normals": [-0.80902,0.58779,-0,-0.80902,0.58778,-0,-0.80902,0.58779,-0,-0.80902,0.58778,-0,-0.80902,0.58779,-0,-0.80902,0.58778,-0,-0.80902,0.58779,-0,-0.80902,0.58778,-0,0.80902,-0.58779,0,0.80902,-0.58779,0,0.80902,-0.58779,0,0.80902,-0.58779,0,0.80902,-0.58779,0,0.80902,-0.58779,0,0.80902,-0.58779,0,0.80902,-0.58779,0,0.80902,0.58779,0,0.80902,0.58778,0,0.80902,0.58779,0,0.80902,0.58778,0,0.80902,0.58779,0,0.80902,0.58778,0,0.80902,0.58779,0,0.80902,0.58778,0,-0.80902,-0.58778,-0,-0.80902,-0.58779,-0,-0.80902,-0.58778,-0,-0.80902,-0.58779,-0,-0.80902,-0.58778,-0,-0.80902,-0.58779,-0,-0.80902,-0.58778,-0,-0.80902,-0.58779,-0,-0.80902,0.58779,-0,-0.80902,0.58779,-0,-0.80902,0.58779,-0,-0.80902,0.58779,-0,0.80902,0.58779,0,0.80902,0.58779,0,0.80902,0.58779,0,0.80902,0.58779,0,0.80902,-0.58779,0,0.80902,-0.58779,0,0.80902,-0.58779,0,0.80902,-0.58779,0,-0.80902,-0.58779,-0,-0.80902,-0.58779,-0,-0.80902,-0.58779,-0,-0.80902,-0.58779,-0,0,-0,-1,0,-0,-1,0,-0,-1,0,-0,-1,0,1,-0,0,1,-0,-1,0,-0,-0,-1,0,0,-0,-1,0,-0,-1,0,-0,-1,0,-0,-1,0,1,-0,0,1,-0,-1,0,-0,-0,-1,0,0,1,-0,0,1,-0,-0,0,1,-0,-1,0,0,1,-0,0,1,-0,-0,0,1,-0,-1,0],

    "colors": [],

    "uvs": [[]],

    "faces": [34,0,2,4,0,0,2,4,34,8,12,10,0,8,12,10,34,16,20,18,0,16,20,18,34,24,26,28,0,24,26,28,34,4,6,0,0,4,6,0,34,12,8,14,0,12,8,14,34,22,20,16,0,22,20,16,34,28,30,24,0,28,30,24,34,8,0,6,0,8,0,6,34,6,14,8,0,6,14,8,34,16,24,22,0,16,24,22,34,30,22,24,0,30,22,24,34,2,10,12,0,2,10,12,34,12,4,2,0,12,4,2,34,26,18,28,0,26,18,28,34,20,28,18,0,20,28,18,34,1,5,3,0,1,5,3,34,9,11,13,0,9,11,13,34,17,19,21,0,17,19,21,34,25,29,27,0,25,29,27,34,5,1,7,0,5,1,7,34,13,15,9,0,13,15,9,34,21,23,17,0,21,23,17,34,31,29,25,0,31,29,25,34,1,9,15,0,1,9,15,34,15,7,1,0,15,7,1,34,25,17,31,0,25,17,31,34,23,31,17,0,23,31,17,34,3,5,13,0,3,5,13,34,13,11,3,0,13,11,3,34,21,19,29,0,21,19,29,34,27,29,19,0,27,29,19,34,0,3,2,0,0,3,2,34,8,10,11,0,8,10,11,34,16,18,19,0,16,18,19,34,24,27,26,0,24,27,26,34,3,0,1,0,3,0,1,34,11,9,8,0,11,9,8,34,19,17,16,0,19,17,16,34,25,27,24,0,25,27,24,34,0,8,9,0,0,8,9,34,9,1,0,0,9,1,0,34,24,16,25,0,24,16,25,34,17,25,16,0,17,25,16,34,2,3,11,0,2,3,11,34,11,10,2,0,11,10,2,34,19,18,27,0,19,18,27,34,26,27,18,0,26,27,18,34,6,4,5,0,6,4,5,34,14,13,12,0,14,13,12,34,22,21,20,0,22,21,20,34,30,28,29,0,30,28,29,34,5,7,6,0,5,7,6,34,13,14,15,0,13,14,15,34,23,21,22,0,23,21,22,34,29,31,30,0,29,31,30,34,6,7,15,0,6,7,15,34,15,14,6,0,15,14,6,34,23,22,31,0,23,22,31,34,30,31,22,0,30,31,22,34,4,12,13,0,4,12,13,34,13,5,4,0,13,5,4,34,28,20,29,0,28,20,29,34,21,29,20,0,21,29,20,34,32,33,35,0,32,33,35,34,35,34,32,0,35,34,32,34,37,36,39,0,37,36,39,34,38,39,36,0,38,39,36,34,41,40,43,0,41,40,43,34,42,43,40,0,42,43,40,34,44,45,47,0,44,45,47,34,47,46,44,0,47,46,44,34,32,34,42,0,32,34,42,34,42,40,32,0,42,40,32,34,35,33,43,0,35,33,43,34,41,43,33,0,41,43,33,34,34,35,43,0,34,35,43,34,43,42,34,0,43,42,34,34,33,32,41,0,33,32,41,34,40,41,32,0,40,41,32,34,38,36,46,0,38,36,46,34,44,46,36,0,44,46,36,34,37,39,47,0,37,39,47,34,47,45,37,0,47,45,37,34,39,38,47,0,39,38,47,34,46,47,38,0,46,47,38,34,36,37,45,0,36,37,45,34,45,44,36,0,45,44,36,34,49,48,50,0,49,48,50,34,51,50,48,0,51,50,48,34,48,49,53,0,48,49,53,34,53,52,48,0,53,52,48,34,49,50,54,0,49,50,54,34,54,53,49,0,54,53,49,34,50,51,55,0,50,51,55,34,55,54,50,0,55,54,50,34,51,48,52,0,51,48,52,34,52,55,51,0,52,55,51,34,57,56,58,0,57,56,58,34,59,58,56,0,59,58,56,34,56,57,61,0,56,57,61,34,61,60,56,0,61,60,56,34,57,58,62,0,57,58,62,34,62,61,57,0,62,61,57,34,58,59,63,0,58,59,63,34,63,62,58,0,63,62,58,34,59,56,60,0,59,56,60,34,60,63,59,0,60,63,59,34,64,68,69,0,64,68,69,34,69,65,64,0,69,65,64,34,65,69,70,0,65,69,70,34,70,66,65,0,70,66,65,34,67,66,70,0,67,66,70,34,70,71,67,0,70,71,67,34,64,67,71,0,64,67,71,34,71,68,64,0,71,68,64,34,64,65,66,0,64,65,66,34,66,67,64,0,66,67,64,34,69,68,71,0,69,68,71,34,71,70,69,0,71,70,69]

}
