{

    "metadata" :
    {
        "formatVersion" : 3.1,
        "sourceFile"    : "men1.obj",
        "generatedBy"   : "OBJConverter",
        "vertices"      : 8,
        "faces"         : 12,
        "normals"       : 5,
        "colors"        : 0,
        "uvs"           : 0,
        "materials"     : 1
    },

    "scale" : 1.000000,

    "materials": [	{
	"DbgColor" : 15658734,
	"DbgIndex" : 0,
	"DbgName" : "wire_028089177",
	"colorAmbient" : [0.1098, 0.349, 0.6941],
	"colorDiffuse" : [0.1098, 0.349, 0.6941],
	"colorSpecular" : [0.35, 0.35, 0.35],
	"illumination" : 2,
	"specularCoef" : 32.0,
	"transparency" : 0.0
	}],

    "vertices": [9.344500,0.000000,84.913300,17.711600,0.000000,88.249400,17.711600,35.815700,88.249400,9.344500,35.815700,84.913300,-0.274500,0.000000,89.274400,7.659400,0.000000,85.009300,7.659400,35.815700,85.009300,-0.274500,35.815700,89.274400],

    "morphTargets": [],

    "morphColors": [],

    "normals": [-0.3704,-0,0.9289,0.3704,0,-0.9289,-0.9984,-0,0.0569,0.4735,-0,0.8808,-0.4735,0,-0.8808],

    "colors": [],

    "uvs": [[]],

    "faces": [35,0,1,2,3,0,0,0,0,0,35,2,1,0,3,0,1,1,1,1,35,2,1,1,2,0,2,2,2,2,35,0,0,3,3,0,2,2,2,2,35,1,1,0,0,0,2,2,2,2,35,3,2,2,3,0,2,2,2,2,35,4,5,6,7,0,3,3,3,3,35,6,5,4,7,0,4,4,4,4,35,6,5,5,6,0,2,2,2,2,35,4,4,7,7,0,2,2,2,2,35,5,5,4,4,0,2,2,2,2,35,7,6,6,7,0,2,2,2,2]

}
