{

    "metadata" :
    {
        "formatVersion" : 3.1,
        "sourceFile"    : "qiangbi3.obj",
        "generatedBy"   : "OBJConverter",
        "vertices"      : 34,
        "faces"         : 42,
        "normals"       : 18,
        "colors"        : 0,
        "uvs"           : 120,
        "materials"     : 1
    },

    "scale" : 1.000000,

    "materials": [	{
	"DbgColor" : 15658734,
	"DbgIndex" : 0,
	"DbgName" : "wire_135059008",
	"colorAmbient" : [0.5294, 0.2314, 0.0314],
	"colorDiffuse" : [0.5294, 0.2314, 0.0314],
	"colorSpecular" : [0.35, 0.35, 0.35],
	"illumination" : 2,
	"specularCoef" : 32.0,
	"transparency" : 0.0
	}],

    "vertices": [-107.981500,96.000000,-125.940400,-103.645500,96.000000,-126.460800,-103.645500,0.000000,-126.460800,-107.981500,0.000000,-125.940400,-103.049700,96.000000,-121.496400,-103.049700,0.000000,-121.496400,-108.049100,96.000000,-121.573700,-108.049100,0.000000,-121.573700,-111.938600,96.000000,129.884000,-111.860500,96.000000,124.833500,-111.860500,0.000000,124.833500,-111.938600,0.000000,129.884000,-106.861100,96.000000,124.910800,-106.861100,0.000000,124.910800,-106.887600,96.000000,129.910700,-106.887600,0.000000,129.910700,180.356900,96.000000,131.432200,175.510900,96.000000,131.406500,175.510900,0.000000,131.406500,180.356900,0.000000,131.432200,175.537300,96.000000,126.406600,175.537300,0.000000,126.406600,180.534000,96.000000,126.589300,180.534000,0.000000,126.589300,86.628700,96.000000,-149.297100,86.628700,0.000000,-149.297100,87.224500,0.000000,-144.332800,87.224500,96.000000,-144.332800,175.537400,96.000000,126.406600,186.236200,96.000000,-166.160200,186.236200,0.000000,-166.160200,175.537400,0.000000,126.406600,191.232900,0.000000,-165.977400,191.232900,96.000000,-165.977400],

    "morphTargets": [],

    "morphColors": [],

    "normals": [-0.1192,0,-0.9929,0.9929,0,-0.1192,-0.0155,0,0.9999,-0.9999,0,-0.0155,0,1,-0,0,-1,-0,0.0155,0,-0.9999,1,0,0.0053,-0.0053,0,1,-1,0,-0.0053,0.0365,0,-0.9993,0.9993,0,0.0365,0.1192,0,0.9929,-0.9929,0,0.1192,0.9999,0,0.0155,0.0053,0,-1,-0.9993,0,-0.0365,-0.0365,0,0.9993],

    "colors": [],

    "uvs": [[1.0136,1.5,0.9993,1.5,0.9993,0.5,1.0136,0.5,0.8038,1.5,0.7871,1.5,0.7871,0.5,0.8038,0.5,0.0026,1.5,-0.0139,1.5,-0.0139,0.5,0.0026,0.5,0.2126,1.5,0.198,1.5,0.198,0.5,0.2126,0.5,0.0007,0.8038,-0.0136,0.802,-0.0139,0.7874,0.0026,0.7871,0.9993,0.8038,0.9974,0.7871,1.0139,0.7874,1.0136,0.802,1.0576,1.5,1.0406,1.5,1.0406,0.5,1.0576,0.5,1.0264,1.5,1.0099,1.5,1.0099,0.5,1.0264,0.5,-0.0409,1.5,-0.0577,1.5,-0.0577,0.5,-0.0409,0.5,-0.01,1.5,-0.0267,1.5,-0.0267,0.5,-0.01,0.5,-0.0264,-0.0406,-0.0267,-0.0576,-0.01,-0.0577,-0.0099,-0.0409,1.0264,-0.0406,1.0099,-0.0409,1.01,-0.0577,1.0267,-0.0576,0.9374,1.5,0.9215,1.5,0.9215,0.5,0.9374,0.5,1.0627,1.5,1.0459,1.5,1.0459,0.5,1.0627,0.5,0.0785,1.5,0.062,1.5,0.062,0.5,0.0785,0.5,-0.0465,1.5,-0.0628,1.5,-0.0628,0.5,-0.0465,0.5,0.9215,-0.0627,0.9374,-0.0628,0.938,-0.0465,0.9215,-0.0459,0.0785,-0.0627,0.0785,-0.0459,0.062,-0.0465,0.0626,-0.0628,0.3717,1.5,0.3717,0.5,0.3717,0.8805,0.3698,0.8638,0.6302,0.5,0.6302,1.5,0.6302,0.8638,0.6283,0.8805,0.1962,1.5,0.1962,0.5,0.2129,0.5,0.2129,1.5,0.8805,0.5,0.8805,1.5,0.8638,1.5,0.8638,0.5,-0.0264,0.5,-0.0099,0.5,-0.0099,1.5,-0.0264,1.5,0.9974,1.5,0.9974,0.5,1.0139,0.5,1.0139,1.5,-0.0627,0.5,-0.0459,0.5,-0.0459,1.5,-0.0627,1.5,1.0409,1.5,1.0409,0.5,1.0577,0.5,1.0577,1.5,0.0628,1.5,0.0628,0.5,0.0432,0.9372,0.0267,0.9366,0.9366,0.5,0.9366,1.5,0.9733,0.9366,0.9568,0.9372,0.9215,1.5,0.9215,0.5,0.938,0.5,0.938,1.5,0.0267,1.5,0.0267,0.5,0.0432,0.5,0.0432,1.5]],

    "faces": [43,0,1,2,3,0,0,1,2,3,0,0,0,0,43,1,4,5,2,0,4,5,6,7,1,1,1,1,43,4,6,7,5,0,8,9,10,11,2,2,2,2,43,6,0,3,7,0,12,13,14,15,3,3,3,3,43,1,0,6,4,0,16,17,18,19,4,4,4,4,43,2,5,7,3,0,20,21,22,23,5,5,5,5,43,8,9,10,11,0,24,25,26,27,3,3,3,3,43,9,12,13,10,0,28,29,30,31,6,6,6,6,43,12,14,15,13,0,32,33,34,35,7,7,7,7,43,14,8,11,15,0,36,37,38,39,8,8,8,8,43,9,8,14,12,0,40,41,42,43,4,4,4,4,43,10,13,15,11,0,44,45,46,47,5,5,5,5,43,16,17,18,19,0,48,49,50,51,8,8,8,8,43,17,20,21,18,0,52,53,54,55,9,9,9,9,43,20,22,23,21,0,56,57,58,59,10,10,10,10,43,22,16,19,23,0,60,61,62,63,11,11,11,11,43,17,16,22,20,0,64,65,66,67,4,4,4,4,43,18,21,23,19,0,68,69,70,71,5,5,5,5,43,1,24,25,2,0,1,72,73,2,0,0,0,0,43,2,25,26,5,0,20,74,75,21,5,5,5,5,43,5,26,27,4,0,11,76,77,8,12,12,12,12,43,4,27,24,1,0,19,78,79,16,4,4,4,4,43,1,2,5,4,0,80,81,82,83,13,13,13,13,43,25,24,27,26,0,84,85,86,87,1,1,1,1,43,9,6,7,10,0,25,12,15,26,3,3,3,3,43,10,7,5,13,0,44,22,21,45,5,5,5,5,43,13,5,4,12,0,35,6,5,32,14,14,14,14,43,12,4,6,9,0,43,19,18,40,4,4,4,4,43,10,13,12,9,0,88,89,90,91,2,2,2,2,43,4,5,7,6,0,92,93,94,95,6,6,6,6,43,17,14,15,18,0,49,36,39,50,8,8,8,8,43,18,15,13,21,0,68,46,45,69,5,5,5,5,43,21,13,12,20,0,59,30,29,56,15,15,15,15,43,20,12,14,17,0,67,43,42,64,4,4,4,4,43,18,21,20,17,0,96,97,98,99,7,7,7,7,43,12,13,15,14,0,100,101,102,103,9,9,9,9,43,28,29,30,31,0,53,104,105,54,16,16,16,16,43,31,30,32,23,0,69,106,107,70,5,5,5,5,43,23,32,33,22,0,63,108,109,60,11,11,11,11,43,22,33,29,28,0,66,110,111,67,4,4,4,4,43,28,31,23,22,0,112,113,114,115,17,17,17,17,43,33,32,30,29,0,116,117,118,119,10,10,10,10]

}
