{

    "metadata" :
    {
        "formatVersion" : 3.1,
        "sourceFile"    : "roof2.obj",
        "generatedBy"   : "OBJConverter",
        "vertices"      : 146,
        "faces"         : 144,
        "normals"       : 26,
        "colors"        : 0,
        "uvs"           : 153,
        "materials"     : 1
    },

    "scale" : 1.000000,

    "materials": [	{
	"DbgColor" : 15658734,
	"DbgIndex" : 0,
	"DbgName" : "wire_086086086",
	"colorAmbient" : [0.3373, 0.3373, 0.3373],
	"colorDiffuse" : [0.3373, 0.3373, 0.3373],
	"colorSpecular" : [0.35, 0.35, 0.35],
	"illumination" : 2,
	"specularCoef" : 32.0,
	"transparency" : 0.0
	}],

    "vertices": [16.368800,6.556300,-16.798300,384.362800,6.556300,-229.259700,426.812700,6.556300,-126.776500,441.291600,6.556300,-16.798300,228.830200,6.556300,-384.792300,316.834600,6.556300,-317.264100,16.368900,6.556300,-441.721100,126.347000,6.556300,-427.242200,-196.092500,6.556300,-384.792300,-93.609200,6.556300,-427.242200,-351.625000,6.556300,-229.259900,-284.096900,6.556300,-317.264200,-408.554000,6.556300,-16.798500,-394.075000,6.556300,-126.776600,-351.625200,6.556300,195.662900,-394.075100,6.556300,93.179600,-196.092700,6.556300,351.195500,-284.097100,6.556300,283.667300,16.368600,6.556300,408.124500,-93.609400,6.556300,393.645500,228.830000,6.556300,351.195700,126.346700,6.556300,393.645600,384.362600,6.556300,195.663300,316.834400,6.556300,283.667600,426.812700,6.556300,93.180100,353.847500,88.390400,-107.225500,365.752400,88.390400,-16.798300,318.943900,88.390400,-191.490100,263.420300,88.390400,-263.849900,191.060600,88.390400,-319.373400,106.796000,88.390400,-354.277000,16.368900,88.390400,-366.181900,-74.058300,88.390400,-354.277000,-158.322900,88.390400,-319.373400,-230.682600,88.390400,-263.849900,-286.206200,88.390400,-191.490200,-321.109800,88.390400,-107.225600,-333.014800,88.390400,-16.798500,-321.109900,88.390400,73.628600,-286.206300,88.390400,157.893300,-230.682800,88.390400,230.253100,-158.323100,88.390400,285.776700,-74.058400,88.390400,320.680300,16.368700,88.390400,332.585300,106.795800,88.390400,320.680400,191.060500,88.390400,285.776800,263.420200,88.390400,230.253300,318.943800,88.390400,157.893700,353.847400,88.390400,73.629000,280.882200,170.224600,-87.674500,290.213300,170.224600,-16.798300,253.525100,170.224600,-153.720600,210.006100,170.224600,-210.435600,153.291000,170.224600,-253.954600,87.245000,170.224600,-281.311700,16.368900,170.224600,-290.642800,-54.507300,170.224600,-281.311700,-120.553300,170.224600,-253.954600,-177.268400,170.224600,-210.435600,-220.787400,170.224600,-153.720600,-248.144500,170.224600,-87.674600,-257.475600,170.224600,-16.798500,-248.144600,170.224600,54.077700,-220.787400,170.224600,120.123800,-177.268500,170.224600,176.838800,-120.553500,170.224600,220.357800,-54.507400,170.224600,247.715000,16.368700,170.224600,257.046100,87.244800,170.224600,247.715100,153.290900,170.224600,220.357900,210.006000,170.224600,176.839000,253.525000,170.224600,120.124000,280.882200,170.224600,54.078000,207.916900,252.058700,-68.123500,214.674000,252.058700,-16.798300,188.106200,252.058700,-115.951000,156.591800,252.058700,-157.021300,115.521400,252.058700,-188.535700,67.694000,252.058700,-208.346500,16.368800,252.058700,-215.103500,-34.956300,252.058700,-208.346500,-82.783700,252.058700,-188.535700,-123.854100,252.058700,-157.021300,-155.368500,252.058700,-115.951000,-175.179300,252.058700,-68.123600,-181.936400,252.058700,-16.798400,-175.179300,252.058700,34.526700,-155.368600,252.058700,82.354200,-123.854200,252.058700,123.424500,-82.783800,252.058700,154.939000,-34.956400,252.058700,174.749800,16.368700,252.058700,181.506900,67.693900,252.058700,174.749800,115.521300,252.058700,154.939100,156.591700,252.058700,123.424700,188.106100,252.058700,82.354400,207.916900,252.058700,34.527000,134.951700,333.892800,-48.572500,139.134900,333.892800,-16.798300,122.687300,333.892800,-78.181400,103.177500,333.892800,-103.607000,77.751800,333.892800,-123.116800,48.143000,333.892800,-135.381200,16.368800,333.892800,-139.564400,-15.405300,333.892800,-135.381200,-45.014200,333.892800,-123.116900,-70.439800,333.892800,-103.607100,-89.949600,333.892800,-78.181400,-102.214000,333.892800,-48.572600,-106.397200,333.892800,-16.798400,-102.214100,333.892800,14.975800,-89.949700,333.892800,44.584600,-70.439900,333.892800,70.010300,-45.014200,333.892800,89.520100,-15.405400,333.892800,101.784500,16.368800,333.892800,105.967700,48.143000,333.892800,101.784500,77.751800,333.892800,89.520200,103.177500,333.892800,70.010400,122.687300,333.892800,44.584700,134.951700,333.892800,14.975900,61.986500,415.727000,-29.021600,63.595700,415.727000,-16.798300,57.268500,415.727000,-40.411800,49.763200,415.727000,-50.192800,39.982200,415.727000,-57.698000,28.592000,415.727000,-62.416000,16.368800,415.727000,-64.025200,4.145600,415.727000,-62.416000,-7.244600,415.727000,-57.698000,-17.025600,415.727000,-50.192800,-24.530800,415.727000,-40.411800,-29.248800,415.727000,-29.021600,-30.858000,415.727000,-16.798400,-29.248800,415.727000,-4.575200,-24.530800,415.727000,6.815100,-17.025600,415.727000,16.596100,-7.244600,415.727000,24.101300,4.145600,415.727000,28.819300,16.368800,415.727000,30.428500,28.592000,415.727000,28.819300,39.982200,415.727000,24.101300,49.763200,415.727000,16.596100,57.268500,415.727000,6.815100,61.986400,415.727000,-4.575100,16.368800,415.727000,-16.798300],

    "morphTargets": [],

    "morphColors": [],

    "normals": [0,-1,-0,0.7348,0.6783,0,0.7098,0.6783,-0.1902,0.6364,0.6783,-0.3674,0.5196,0.6783,-0.5196,0.3674,0.6783,-0.6364,0.1902,0.6783,-0.7098,0,0.6783,-0.7348,-0.1902,0.6783,-0.7098,-0.3674,0.6783,-0.6364,-0.5196,0.6783,-0.5196,-0.6364,0.6783,-0.3674,-0.7098,0.6783,-0.1902,-0.7348,0.6783,-0,-0.7098,0.6783,0.1902,-0.6364,0.6783,0.3674,-0.5196,0.6783,0.5196,-0.3674,0.6783,0.6364,-0.1902,0.6783,0.7098,-0,0.6783,0.7348,0.1902,0.6783,0.7098,0.3674,0.6783,0.6364,0.5196,0.6783,0.5196,0.6364,0.6783,0.3674,0.7098,0.6783,0.1902,0,1,-0],

    "colors": [],

    "uvs": [[0.5,0,0.8333,0,0.7917,0,0.75,0,0.9167,0,0.875,0,1,0,0.9583,0,0.0833,0,0.0417,0,-0,0,0.1667,0,0.125,0,0.25,0,0.2083,0,0.3333,0,0.2917,0,0.4167,0,0.375,0,0.5,0,0.4583,0,0.5833,0,0.5417,0,0.6667,0,0.625,0,0.7083,0,0.7917,0.2,0.75,0.2,0.8333,0.2,0.875,0.2,0.9167,0.2,0.9583,0.2,1,0.2,0.0417,0.2,-0,0.2,0.0833,0.2,0.125,0.2,0.1667,0.2,0.2083,0.2,0.25,0.2,0.2917,0.2,0.3333,0.2,0.375,0.2,0.4167,0.2,0.4583,0.2,0.5,0.2,0.5417,0.2,0.5833,0.2,0.625,0.2,0.6667,0.2,0.7083,0.2,0.7917,0.4,0.75,0.4,0.8333,0.4,0.875,0.4,0.9167,0.4,0.9583,0.4,1,0.4,0.0417,0.4,-0,0.4,0.0833,0.4,0.125,0.4,0.1667,0.4,0.2083,0.4,0.25,0.4,0.2917,0.4,0.3333,0.4,0.375,0.4,0.4167,0.4,0.4583,0.4,0.5,0.4,0.5417,0.4,0.5833,0.4,0.625,0.4,0.6667,0.4,0.7083,0.4,0.7917,0.6,0.75,0.6,0.8333,0.6,0.875,0.6,0.9167,0.6,0.9583,0.6,1,0.6,0.0417,0.6,-0,0.6,0.0833,0.6,0.125,0.6,0.1667,0.6,0.2083,0.6,0.25,0.6,0.2917,0.6,0.3333,0.6,0.375,0.6,0.4167,0.6,0.4583,0.6,0.5,0.6,0.5417,0.6,0.5833,0.6,0.625,0.6,0.6667,0.6,0.7083,0.6,0.7917,0.8,0.75,0.8,0.8333,0.8,0.875,0.8,0.9167,0.8,0.9583,0.8,1,0.8,0.0417,0.8,-0,0.8,0.0833,0.8,0.125,0.8,0.1667,0.8,0.2083,0.8,0.25,0.8,0.2917,0.8,0.3333,0.8,0.375,0.8,0.4167,0.8,0.4583,0.8,0.5,0.8,0.5417,0.8,0.5833,0.8,0.625,0.8,0.6667,0.8,0.7083,0.8,0.7917,1,0.75,1,0.8333,1,0.875,1,0.9167,1,0.9583,1,1,1,0.0417,1,-0,1,0.0833,1,0.125,1,0.1667,1,0.2083,1,0.25,1,0.2917,1,0.3333,1,0.375,1,0.4167,1,0.4583,1,0.5,1,0.5417,1,0.5833,1,0.625,1,0.6667,1,0.7083,1,0.5,1,1.0076,1]],