{

    "metadata" :
    {
        "formatVersion" : 3.1,
        "sourceFile"    : "roof1.obj",
        "generatedBy"   : "OBJConverter",
        "vertices"      : 129,
        "faces"         : 123,
        "normals"       : 30,
        "colors"        : 0,
        "uvs"           : 24,
        "materials"     : 1
    },

    "scale" : 1.000000,

    "materials": [	{
	"DbgColor" : 15658734,
	"DbgIndex" : 0,
	"DbgName" : "wire_143225087",
	"colorAmbient" : [0.5608, 0.8824, 0.3412],
	"colorDiffuse" : [0.5608, 0.8824, 0.3412],
	"colorSpecular" : [0.35, 0.35, 0.35],
	"illumination" : 2,
	"specularCoef" : 32.0,
	"transparency" : 0.0
	}],

    "vertices": [-296.857400,0.000000,86.803300,-296.857400,0.000000,244.225000,-151.079000,0.000000,244.225000,-151.079000,0.000000,86.803300,-5.300500,0.000000,244.225000,-5.300500,0.000000,86.803300,140.477900,0.000000,244.225000,140.477900,0.000000,86.803300,286.256300,0.000000,244.225000,286.256300,0.000000,86.803300,-296.857400,0.000000,-70.618400,-151.079000,0.000000,-70.618400,133.959400,104.227800,-77.988800,133.959400,104.227800,79.432800,279.737900,104.227800,79.432800,279.737900,104.227800,-77.988800,-296.857400,0.000000,-228.040000,-151.079000,0.000000,-228.040000,133.959400,104.227800,-235.410500,279.737900,104.227800,-235.410500,-296.857400,0.000000,-385.461700,-151.079000,0.000000,-385.461700,-5.300500,0.000000,-228.040000,-5.300500,0.000000,-385.461700,140.477900,0.000000,-228.040000,140.477900,0.000000,-385.461700,286.256300,0.000000,-228.040000,286.256300,0.000000,-385.461700,-5.300500,30.000000,86.803300,-151.079000,30.000000,86.803300,140.477900,30.000000,86.803300,-151.079000,30.000000,-70.618400,133.959400,134.227800,-77.988800,133.959400,134.227800,79.432800,-151.079000,30.000000,-228.040000,-5.300500,30.000000,-228.040000,140.477900,30.000000,-228.040000,133.959400,134.227800,-235.410500,-151.079000,70.000000,86.803300,-157.597500,174.227800,79.432800,42.847900,174.227800,-18.955700,-157.597500,134.227800,-77.988800,-157.597500,134.227800,79.432800,-11.819000,134.227800,79.432800,-157.597500,134.227800,-235.410500,-11.819000,134.227800,-235.410500,133.959400,174.227800,-235.410500,120.297000,-45.148700,79.432800,266.075400,-45.148700,79.432800,271.540400,14.601900,79.432800,125.762000,14.601900,79.432800,266.075400,-45.148700,-77.988800,271.540400,14.601900,-77.988800,145.942900,59.750600,-228.040000,291.721300,59.750600,-228.040000,266.075400,-45.148700,-235.410500,271.540400,14.601900,-235.410500,0.164400,89.750600,86.803300,-145.614000,89.750600,86.803300,145.942900,59.750600,86.803300,145.942900,89.750600,86.803300,-145.614000,89.750600,-70.618400,-145.614000,89.750600,-228.040000,0.164400,89.750600,-228.040000,145.942900,89.750600,-228.040000,-145.614000,129.750600,86.803300,278.827000,94.269300,-77.988800,278.827000,94.269300,79.432800,133.048600,94.269300,79.432800,153.229500,139.418100,-228.040000,299.007900,139.418100,-228.040000,278.827000,94.269300,-235.410500,153.229500,139.418100,86.803300,153.229500,169.418100,86.803300,153.229500,169.418100,-228.040000,-138.327400,209.418100,86.803300,-138.327400,169.418100,-70.618400,7.451100,169.418100,86.803300,-138.327400,169.418100,86.803300,-138.327400,169.418100,-228.040000,7.451100,169.418100,-228.040000,284.292000,154.019900,-77.988800,284.292000,154.019900,79.432800,138.513500,154.019900,79.432800,158.694500,199.168700,-228.040000,304.472900,199.168700,-228.040000,284.292000,154.019900,-235.410500,158.694500,199.168700,86.803300,158.694500,229.168700,86.803300,158.694500,229.168700,-228.040000,-88.548600,164.865100,-69.461500,-88.548600,204.865200,87.960200,-83.083600,264.615800,87.960200,-83.083600,224.615700,-69.461500,12.916000,229.168700,86.803300,-132.862400,229.168700,86.803300,-132.862400,269.168700,86.803300,-132.862400,229.168700,-70.618400,-132.862400,229.168700,-228.040000,12.916000,229.168700,-228.040000,281.559500,124.144600,-77.988800,281.559500,124.144600,79.432800,135.781100,124.144600,79.432800,155.962000,169.293400,-228.040000,301.740400,169.293400,-228.040000,281.559500,124.144600,-235.410500,155.962000,169.293400,86.803300,155.962000,199.293400,86.803300,155.962000,199.293400,-228.040000,-85.816100,234.740400,87.960200,-85.816100,194.740400,-69.461500,10.183500,199.293400,86.803300,-135.594900,199.293400,86.803300,-135.594900,239.293400,86.803300,-135.594900,199.293400,-70.618400,-135.594900,199.293400,-228.040000,10.183500,199.293400,-228.040000,154.140300,149.376500,-228.040000,299.918800,149.376500,-228.040000,154.140300,149.376500,86.803300,154.140300,179.376500,86.803300,154.140300,179.376500,-228.040000,-137.416600,219.376500,86.803300,-137.416600,179.376500,-70.618400,8.361900,179.376500,86.803300,-137.416600,179.376500,86.803300,-137.416600,179.376500,-228.040000,8.361900,179.376500,-228.040000,286.256300,0.000000,-70.618400],

    "morphTargets": [],

    "morphColors": [],

    "normals": [0,1,-0,0,0,1,-1,0,-0,1,0,-0,0,0,-1,-0.12,0.9622,-0.2445,0.1937,0.7058,0.6815,0.402,0.9156,-0,0,0.9264,0.3766,-0.1957,0.9807,-0,0,0.9834,-0.1817,-0.2542,0.9263,-0.2782,0.7108,0.6817,0.1732,0.9958,-0.0911,-0,-0.9958,0.0911,-0,-0.9956,0.0911,-0.0231,0.9956,-0.0911,0.0231,0,0.1611,-0.9869,0,-0.1611,0.9869,0.3431,0,-0.9393,-0.3431,0,0.9393,0.9011,-0.4202,0.1068,0.9129,-0.4081,-0,0.417,-0.0381,-0.9081,-0.9129,0.4081,-0,-0.417,0.0381,0.9081,0.094,0.9649,-0.2452,0.023,-0.0021,-0.9997,-0.023,0.0021,0.9997,-0.094,-0.9649,0.2452],

    "colors": [],

    "uvs": [[0,0.25,0,0,0.25,0,0.25,0.25,0.5,0,0.5,0.25,0.75,0,0.75,0.25,1,0,1,0.25,0,0.5,0.25,0.5,0.75,0.5,1,0.5,0,0.75,0.25,0.75,0.75,0.75,1,0.75,0,1,0.25,1,0.5,0.75,0.5,1,0.75,1,1,1]],