{

    "metadata" :
    {
        "formatVersion" : 3.1,
        "sourceFile"    : "room1.obj",
        "generatedBy"   : "OBJConverter",
        "vertices"      : 56,
        "faces"         : 84,
        "normals"       : 56,
        "colors"        : 0,
        "uvs"           : 252,
        "materials"     : 0
    },

    "scale" : 1.000000,

    "materials": [	{
	"DbgColor" : 15658734,
	"DbgIndex" : 0,
	"DbgName" : "default"
	}],

    "vertices": [50.826424,95.999992,-23.989075,50.802788,95.999992,-18.919243,50.826424,0.000000,-23.989075,50.802788,0.000000,-18.919243,45.802841,95.999992,-18.942551,45.802841,0.000000,-18.942551,45.756744,95.999992,-23.942337,45.756744,0.000000,-23.942337,50.376289,95.999992,72.570396,45.497009,95.999992,72.665970,50.376289,0.000000,72.570396,45.497009,0.000000,72.665970,45.399094,95.999992,67.666924,45.399094,0.000000,67.666924,50.399040,95.999992,67.690231,50.399040,0.000000,67.690231,-56.620750,95.999992,74.666153,-56.590828,95.999992,69.537506,-56.620750,0.000000,74.666153,-56.590828,0.000000,69.537506,-51.590912,95.999992,69.566681,-51.590912,0.000000,69.566681,-51.492996,95.999992,74.565720,-51.492996,0.000000,74.565720,45.802841,96.000000,-18.942551,-54.105133,96.000000,-18.021511,45.802841,0.000000,-18.942551,-54.105133,0.000000,-18.021511,45.756744,0.000000,-23.942337,-54.151230,0.000000,-23.021297,45.756744,96.000000,-23.942337,-54.151230,96.000000,-23.021297,45.399094,95.999992,67.666924,45.802841,95.999992,-18.942551,45.399094,0.000000,67.666924,45.802841,0.000000,-18.942551,50.399040,0.000000,67.690231,50.802788,0.000000,-18.919243,50.399040,95.999992,67.690231,50.802788,95.999992,-18.919243,-51.590912,95.999992,69.566681,45.399094,95.999992,67.666924,-51.590912,0.000000,69.566681,45.399094,0.000000,67.666924,-51.492996,0.000000,74.565720,45.497009,0.000000,72.665970,-51.492996,95.999992,74.565720,45.497009,95.999992,72.665970,-56.590828,96.000000,69.537506,-56.250763,96.000000,11.256464,-56.590828,0.000000,69.537506,-56.250763,0.000000,11.256464,-51.590912,0.000000,69.566681,-51.250847,0.000000,11.285639,-51.590912,96.000000,69.566681,-51.250847,96.000000,11.285639],

    "morphTargets": [],

    "morphColors": [],

    "normals": [0.99999,0,0.004662,0.99999,0,0.004662,0.99999,0,0.004662,0.99999,0,0.004662,-0.004662,0,0.99999,-0.004662,0,0.99999,-0.99996,0,0.009219,-0.99996,0,0.009219,0.019583,0,0.99981,0.019583,0,0.99981,0.019583,0,0.99981,0.019583,0,0.99981,-0.99981,0,0.019583,-0.99981,0,0.019583,0.004662,0,-0.99999,0.004662,0,-0.99999,-0.99998,0,-0.005835,-0.99998,0,-0.005835,-0.99998,0,-0.005835,-0.99998,0,-0.005835,0.005835,0,-0.99998,0.005835,0,-0.99998,0.99981,0,-0.019584,0.99981,0,-0.019584,0.01448,0,1.5707,0.01448,0,1.5707,0.01448,0,1.5707,0.01448,0,1.5707,0,-1.5708,0,0,-1.5708,0,-0.01448,0,-1.5707,-0.01448,0,-1.5707,-1.5708,0,-0.007323,-1.5708,0,-0.007323,-1.5708,0,-0.007323,-1.5708,0,-0.007323,0,-1.5708,0,0,-1.5708,0,1.5708,0,0.007323,1.5708,0,0.007323,-0.030761,0,-1.5705,-0.030761,0,-1.5705,-0.030761,0,-1.5705,-0.030761,0,-1.5705,0,-1.5708,0,0,-1.5708,0,0.030761,0,1.5705,0.030761,0,1.5705,-1.5708,0,-0.009165,-1.5708,0,-0.009165,-1.5708,0,-0.009165,-1.5708,0,-0.009165,0,-1.5708,0,0,-1.5708,0,1.5708,0,0.009165,1.5708,0,0.009165],

    "colors": [],

    "uvs": [[1.0955,0.96924,1.0953,0.91785,-0.095483,0.96924,-0.095263,0.91785,1.0487,0.91809,-0.048729,0.91809,1.0483,0.96876,-0.0483,0.96876,0.96924,1.5,0.91785,1.5,0.96924,0.5,0.96924,0.5,0.91785,1.5,0.91785,0.5,1.0953,1.5,1.0487,1.5,1.0953,0.5,1.0953,0.5,1.0487,1.5,1.0487,0.5,0.081914,1.5,0.031235,1.5,0.081914,0.5,0.081914,0.5,0.031235,1.5,0.031235,0.5,-0.0483,1.5,-0.095483,1.5,-0.0483,0.5,-0.0483,0.5,-0.095483,1.5,-0.095483,0.5,1.0955,0.96924,1.0487,0.91809,-0.048729,0.91809,-0.095483,0.96924,1.0913,-0.009518,1.0459,-0.010487,-0.091293,-0.009518,-0.045882,-0.010487,1.045,0.040185,-0.044971,0.040185,1.0915,0.039949,-0.091505,0.039949,1.0913,1.5,1.0459,1.5,1.0913,0.5,1.0913,0.5,1.0459,1.5,1.0459,0.5,1.0105,1.5,0.95981,1.5,1.0105,0.5,1.0105,0.5,0.95981,1.5,0.95981,0.5,-0.044971,1.5,-0.091505,1.5,-0.044971,0.5,-0.044971,0.5,-0.091505,1.5,-0.091505,0.5,0.039949,1.5,-0.009518,1.5,0.039949,0.5,0.039949,0.5,-0.009518,1.5,-0.009518,0.5,1.0913,-0.009518,1.045,0.040185,-0.044971,0.040185,-0.091293,-0.009518,0.095483,-0.030761,0.095761,0.021224,0.90452,-0.030761,0.90424,0.021224,0.1423,0.020929,0.85771,0.020929,0.14321,-0.029743,0.85679,-0.029743,1.0308,1.5,0.97878,1.5,1.0308,0.5,1.0308,0.5,0.97878,1.5,0.97878,0.5,0.90424,1.5,0.85771,1.5,0.90424,0.5,0.90424,0.5,0.85771,1.5,0.85771,0.5,0.020929,1.5,-0.029743,1.5,0.020929,0.5,0.020929,0.5,-0.029743,1.5,-0.029743,0.5,0.14321,1.5,0.095483,1.5,0.14321,0.5,0.14321,0.5,0.095483,1.5,0.095483,0.5,0.095483,-0.030761,0.1423,0.020929,0.85771,0.020929,0.90452,-0.030761,0.91809,1.5,0.09125,1.5,0.91809,0.5,0.09125,0.5,0.96876,0.5,0.040571,0.5,0.96876,1.5,0.040571,1.5,1.0487,1.5,0.1189,1.5,1.0487,0.5,0.1189,1.5,0.1189,0.5,1.0487,0.5,-0.048729,0.91809,0.88111,0.90875,-0.0483,0.96876,0.88111,0.90875,0.88153,0.95943,-0.0483,0.96876,-0.0483,0.5,0.88153,0.5,-0.0483,1.5,0.88153,0.5,0.88153,1.5,-0.0483,1.5,1.0483,0.96876,0.11847,0.95943,1.0487,0.91809,0.11847,0.95943,0.1189,0.90875,1.0487,0.91809,0.91809,0.5,0.96876,1.5,0.09125,1.5,0.040571,0.5,1.045,1.5,-0.048729,1.5,1.045,0.5,-0.048729,0.5,1.0915,0.5,-0.095263,0.5,1.0915,1.5,-0.095263,1.5,0.95981,1.5,0.081914,1.5,0.95981,0.5,0.081914,1.5,0.081914,0.5,0.95981,0.5,-0.044971,0.040185,-0.048729,0.91809,-0.091505,0.039949,-0.048729,0.91809,-0.095263,0.91785,-0.091505,0.039949,0.039949,0.5,0.91785,0.5,0.039949,1.5,0.91785,0.5,0.91785,1.5,0.039949,1.5,1.0915,0.039949,1.0953,0.91785,1.045,0.040185,1.0953,0.91785,1.0487,0.91809,1.045,0.040185,1.0915,0.5,1.045,1.5,-0.095263,0.5,-0.048729,1.5,0.97907,1.5,0.040185,1.5,0.97907,0.5,0.040185,0.5,1.0297,0.5,-0.010487,0.5,1.0297,1.5,-0.010487,1.5,0.85771,1.5,-0.044971,1.5,0.85771,0.5,-0.044971,1.5,-0.044971,0.5,0.85771,0.5,0.85771,0.020929,-0.044971,0.040185,0.85679,-0.029743,-0.044971,0.040185,-0.045882,-0.010487,0.85679,-0.029743,0.14321,0.5,1.0459,0.5,0.14321,1.5,1.0459,0.5,1.0459,1.5,0.14321,1.5,0.14321,-0.029743,1.0459,-0.010487,0.1423,0.020929,1.0459,-0.010487,1.045,0.040185,0.1423,0.020929,1.0297,0.5,0.97907,1.5,-0.010487,0.5,0.040185,1.5,0.095761,1.5,0.90107,1.5,0.095761,0.5,0.90107,0.5,0.1423,0.5,0.85454,0.5,0.1423,1.5,0.85454,1.5,0.97878,1.5,0.38802,1.5,0.97878,0.5,0.38802,1.5,0.38802,0.5,0.97878,0.5,0.90424,0.021224,0.90107,0.61198,0.85771,0.020929,0.90107,0.61198,0.85454,0.61168,0.85771,0.020929,0.020929,0.5,0.61168,0.5,0.020929,1.5,0.61168,0.5,0.61168,1.5,0.020929,1.5,0.1423,0.020929,0.14546,0.61168,0.095761,0.021224,0.14546,0.61168,0.098926,0.61198,0.095761,0.021224,0.095761,0.5,0.1423,1.5,0.85454,0.5,0.90107,1.5]],