{

    "metadata" :
    {
        "formatVersion" : 3.1,
        "sourceFile"    : "room2.obj",
        "generatedBy"   : "OBJConverter",
        "vertices"      : 56,
        "faces"         : 84,
        "normals"       : 56,
        "colors"        : 0,
        "uvs"           : 252,
        "materials"     : 0
    },

    "scale" : 1.000000,

    "materials": [	{
	"DbgColor" : 15658734,
	"DbgIndex" : 0,
	"DbgName" : "default"
	}],

    "vertices": [-68.452927,95.999992,46.604935,-68.444244,95.999992,51.604927,-68.452927,0.000000,46.604935,-68.444244,0.000000,51.604927,-73.436523,95.999992,51.613602,-73.436523,0.000000,51.613602,-73.452904,95.999992,46.621338,-73.452904,0.000000,46.621338,56.829857,95.999992,46.387253,61.829834,95.999992,46.401970,56.829857,0.000000,46.387253,61.829834,0.000000,46.401970,61.815186,95.999992,51.378601,61.815186,0.000000,51.378601,56.838547,95.999992,51.387245,56.838547,0.000000,51.387245,57.175392,96.000000,-71.011696,57.066414,96.000000,-76.010513,57.175392,0.000000,-71.011696,57.066414,0.000000,-76.010513,62.190453,96.000000,-76.122215,62.190453,0.000000,-76.122215,62.175369,96.000000,-70.996979,62.175369,0.000000,-70.996979,-73.839241,0.000000,-71.153770,-73.839241,95.999992,-71.153770,-68.839264,0.000000,-71.170174,-68.839264,95.999992,-71.170174,-73.452904,95.999992,46.621330,-68.452927,95.999992,46.604927,-73.452904,0.000000,46.621330,-68.452927,0.000000,46.604927,-68.444244,0.000000,51.604927,-68.444244,95.999992,51.604927,-68.452927,0.000000,46.604935,-68.452927,95.999992,46.604935,56.838539,95.999992,51.387245,56.829849,95.999992,46.387253,56.838539,0.000000,51.387245,56.829849,0.000000,46.387253,61.829834,0.000000,46.401970,61.829834,96.000000,46.401970,56.829857,0.000000,46.387253,56.829857,96.000000,46.387253,62.175369,96.000000,-70.996979,57.175392,96.000000,-71.011703,62.175369,0.000000,-70.996979,57.175392,0.000000,-71.011703,57.066414,0.000000,-76.010513,57.066414,96.000000,-76.010513,57.175392,0.000000,-71.011696,57.175392,96.000000,-71.011696,-33.506229,96.000000,-74.035950,-33.397251,96.000000,-69.037132,-33.506229,0.000000,-74.035950,-33.397251,0.000000,-69.037132],

    "morphTargets": [],

    "morphColors": [],

    "normals": [1,0,-0.001737,1,0,-0.001737,1,0,-0.001737,1,0,-0.001737,0.001738,0,1,0.001738,0,1,-0.99999,0,0.00328,-0.99999,0,0.00328,0.002943,0,-1,0.002943,0,-1,0.002943,0,-1,0.002943,0,-1,1,0,0.002943,1,0,0.002943,0.001737,0,1,0.001737,0,1,-0.99976,0,0.021796,-0.99976,0,0.021796,-0.99976,0,0.021796,-0.99976,0,0.021796,-0.021795,0,-0.99976,-0.021795,0,-0.99976,1,0,0.002943,1,0,0.002943,-0.005153,0,-1.5708,-0.005153,0,-1.5708,-0.005153,0,-1.5708,-0.005153,0,-1.5708,0,1.5708,0,0,1.5708,0,0.005153,0,1.5708,0.005153,0,1.5708,-1.5708,0,0.002729,-1.5708,0,0.002729,-1.5708,0,0.002729,-1.5708,0,0.002729,0,1.5708,0,0,1.5708,0,1.5708,0,-0.00273,1.5708,0,-0.00273,-0.004624,0,1.5708,-0.004624,0,1.5708,-0.004624,0,1.5708,-0.004624,0,1.5708,0,1.5708,0,0,1.5708,0,0.004624,0,-1.5708,0.004624,0,-1.5708,1.5704,0,-0.034237,1.5704,0,-0.034237,1.5704,0,-0.034237,1.5704,0,-0.034237,0,1.5708,0,0,1.5708,0,-1.5704,0,0.034237,-1.5704,0,0.034237],

    "colors": [],

    "uvs": [[0.08012,-0.049966,0.080184,-0.089109,0.91988,-0.049966,0.91982,-0.089109,0.043484,-0.089177,0.95652,-0.089177,0.043364,-0.050094,0.95664,-0.050094,-0.049966,1.5,-0.089109,1.5,-0.049966,0.5,-0.049966,0.5,-0.089109,1.5,-0.089109,0.5,0.080184,1.5,0.043484,1.5,0.080184,0.5,0.080184,0.5,0.043484,1.5,0.043484,0.5,1.0892,1.5,1.0501,1.5,1.0892,0.5,1.0892,0.5,1.0501,1.5,1.0501,0.5,0.95664,1.5,0.91988,1.5,0.95664,0.5,0.95664,0.5,0.91988,1.5,0.91988,0.5,0.08012,-0.049966,0.043484,-0.089177,0.95652,-0.089177,0.91988,-0.049966,1.0011,-0.048261,1.0379,-0.048377,-0.001116,-0.048261,-0.037873,-0.048377,1.0378,-0.087337,-0.037765,-0.087337,1.0012,-0.087405,-0.00118,-0.087405,-0.001116,1.5,-0.037873,1.5,-0.001116,0.5,-0.001116,0.5,-0.037873,1.5,-0.037873,0.5,-0.048377,1.5,-0.087337,1.5,-0.048377,0.5,-0.048377,0.5,-0.087337,1.5,-0.087337,0.5,1.0378,1.5,1.0012,1.5,1.0378,0.5,1.0378,0.5,1.0012,1.5,1.0012,0.5,1.0874,1.5,1.0483,1.5,1.0874,0.5,1.0874,0.5,1.0483,1.5,1.0483,0.5,1.0011,-0.048261,1.0378,-0.087337,-0.037765,-0.087337,-0.001116,-0.048261,1.0037,0.87082,1.0029,0.90995,-0.003656,0.87082,-0.002855,0.90995,1.0405,0.91082,-0.040524,0.91082,1.0404,0.8707,-0.040413,0.8707,0.12918,1.5,0.090051,1.5,0.12918,0.5,0.12918,0.5,0.090051,1.5,0.090051,0.5,-0.002855,1.5,-0.040524,1.5,-0.002855,0.5,-0.002855,0.5,-0.040524,1.5,-0.040524,0.5,0.91082,1.5,0.8707,1.5,0.91082,0.5,0.91082,0.5,0.8707,1.5,0.8707,0.5,1.0404,1.5,1.0037,1.5,1.0404,0.5,1.0404,0.5,1.0037,1.5,1.0037,0.5,1.0037,0.87082,1.0405,0.91082,-0.040524,0.91082,-0.003656,0.87082,0.12807,0.5,0.12807,1.5,0.87206,0.5,0.87206,1.5,1.0501,1.5,-0.049965,1.5,1.0501,0.5,-0.049965,0.5,0.95948,0.5,0.95948,1.5,0.92272,0.5,0.92272,0.5,0.95948,1.5,0.92272,1.5,0.040524,0.87193,0.043364,-0.050094,0.07728,0.87206,0.07728,0.87206,0.043364,-0.050094,0.08012,-0.049965,0.043364,1.5,0.043364,0.5,0.08012,1.5,0.08012,1.5,0.043364,0.5,0.08012,0.5,0.95664,-0.050094,0.95948,0.87193,0.91988,-0.049965,0.91988,-0.049965,0.95948,0.87193,0.92272,0.87206,0.12807,0.5,1.0501,1.5,-0.049965,1.5,0.87206,0.5,0.080184,0.5,0.080184,1.5,0.91988,0.5,0.91988,1.5,1.0012,1.5,-0.001116,1.5,1.0012,0.5,-0.001116,0.5,1.0891,0.5,1.0891,1.5,1.05,0.5,1.05,0.5,1.0891,1.5,1.05,1.5,0.080184,-0.089109,1.0012,-0.087405,0.08012,-0.049966,0.08012,-0.049966,1.0012,-0.087405,1.0011,-0.048261,-0.087405,1.5,-0.087405,0.5,-0.048261,1.5,-0.048261,1.5,-0.087405,0.5,-0.048261,0.5,-0.00118,-0.087405,0.91982,-0.089109,-0.001116,-0.048261,-0.001116,-0.048261,0.91982,-0.089109,0.91988,-0.049966,0.080184,0.5,1.0012,1.5,-0.001116,1.5,0.91988,0.5,-0.048377,0.5,-0.048377,1.5,1.0483,0.5,1.0483,1.5,0.8707,1.5,0.12918,1.5,0.8707,0.5,0.12918,0.5,1.0379,0.5,1.0379,1.5,1.0011,0.5,1.0011,0.5,1.0379,1.5,1.0011,1.5,1.0379,-0.048377,1.0404,0.8707,1.0011,-0.048261,1.0011,-0.048261,1.0404,0.8707,1.0037,0.87082,-0.040413,1.5,-0.040413,0.5,-0.003656,1.5,-0.003656,1.5,-0.040413,0.5,-0.003656,0.5,-0.040413,0.8707,-0.037873,-0.048377,-0.003656,0.87082,-0.003656,0.87082,-0.037873,-0.048377,-0.001116,-0.048261,-0.048377,0.5,0.8707,1.5,0.12918,1.5,1.0483,0.5,-0.002855,0.5,-0.002855,1.5,1.0037,0.5,1.0037,1.5,0.66297,1.5,0.33783,1.5,0.66297,0.5,0.33783,0.5,0.90995,0.5,0.90995,1.5,0.87082,0.5,0.87082,0.5,0.90995,1.5,0.87082,1.5,1.0029,0.90995,0.33703,0.89449,1.0037,0.87082,1.0037,0.87082,0.33703,0.89449,0.33783,0.85536,0.10551,1.5,0.10551,0.5,0.14464,1.5,0.14464,1.5,0.10551,0.5,0.14464,0.5,0.66297,0.89449,-0.002855,0.90995,0.66217,0.85536,0.66217,0.85536,-0.002855,0.90995,-0.003656,0.87082,-0.002855,0.5,0.66297,1.5,0.33783,1.5,1.0037,0.5]],