{

    "metadata" :
    {
        "formatVersion" : 3.1,
        "sourceFile"    : "room3.obj",
        "generatedBy"   : "OBJConverter",
        "vertices"      : 72,
        "faces"         : 108,
        "normals"       : 72,
        "colors"        : 0,
        "uvs"           : 324,
        "materials"     : 0
    },

    "scale" : 1.000000,

    "materials": [	{
	"DbgColor" : 15658734,
	"DbgIndex" : 0,
	"DbgName" : "default"
	}],

    "vertices": [-72.438934,96.000000,60.462280,-72.425003,96.000000,55.478889,-72.438934,0.000000,60.462280,-72.425003,0.000000,55.478889,-67.425026,96.000000,55.492867,-67.425026,0.000000,55.492867,-67.455620,96.000000,60.492771,-67.455620,0.000000,60.492771,-72.098885,95.999992,-61.206886,-67.090836,95.999992,-61.184784,-72.098885,0.000000,-61.206886,-67.090836,0.000000,-61.184784,-67.112900,95.999992,-56.184837,-67.112900,0.000000,-56.184837,-72.112885,95.999992,-56.198807,-72.112885,0.000000,-56.198807,121.930542,95.999992,-60.350685,121.911926,95.999992,-55.354156,121.930542,0.000000,-60.350685,121.911926,0.000000,-55.354156,116.911964,95.999992,-55.372780,116.911964,0.000000,-55.372780,116.934029,95.999992,-60.372734,116.934029,0.000000,-60.372734,121.480263,95.999992,60.529556,116.557999,95.999992,60.588001,121.480263,0.000000,60.529556,116.557999,0.000000,60.588001,116.498634,95.999992,55.588352,116.498634,0.000000,55.588352,121.498596,95.999992,55.606979,121.498596,0.000000,55.606979,-67.425026,96.000000,55.492867,-19.970686,96.000000,55.783230,-67.425026,0.000000,55.492867,-19.970686,0.000000,55.783230,-67.455620,0.000000,60.492771,-20.001280,0.000000,60.783134,-67.455620,96.000000,60.492771,-20.001280,96.000000,60.783134,-67.112900,96.000000,-56.184837,-67.425026,96.000000,55.492867,-67.112900,0.000000,-56.184837,-67.425026,0.000000,55.492867,-72.112885,0.000000,-56.198807,-72.425003,0.000000,55.478889,-72.112885,96.000000,-56.198807,-72.425003,96.000000,55.478889,116.911964,95.999992,-55.372780,-67.112900,95.999992,-56.184837,116.911964,0.000000,-55.372780,-67.112900,0.000000,-56.184837,116.934029,0.000000,-60.372734,-67.090836,0.000000,-61.184784,116.934029,95.999992,-60.372734,-67.090836,95.999992,-61.184784,116.498634,95.999992,55.588352,116.911964,95.999992,-55.372780,116.498634,0.000000,55.588352,116.911964,0.000000,-55.372780,121.498596,0.000000,55.606979,121.911926,0.000000,-55.354156,121.498596,95.999992,55.606979,121.911926,95.999992,-55.354156,116.557999,96.000000,60.588001,64.639862,96.000000,61.204453,116.557999,0.000000,60.588001,64.639862,0.000000,61.204453,116.498634,0.000000,55.588352,64.580498,0.000000,56.204803,116.498634,96.000000,55.588352,64.580498,96.000000,56.204803],

    "morphTargets": [],

    "morphColors": [],

    "normals": [-1,0,-0.002796,-1,0,-0.002796,-1,0,-0.002796,-1,0,-0.002796,0.002795,0,-1,0.002795,0,-1,0.99998,0,0.006119,0.99998,0,0.006119,0.004413,0,-0.99999,0.004413,0,-0.99999,0.004413,0,-0.99999,0.004413,0,-0.99999,0.99999,0,0.004413,0.99999,0,0.004413,-0.002794,0,1,-0.002794,0,1,0.99999,0,0.003726,0.99999,0,0.003726,0.99999,0,0.003726,0.99999,0,0.003726,-0.003725,0,0.99999,-0.003725,0,0.99999,-0.99999,0,-0.004413,-0.99999,0,-0.004413,0.011873,0,0.99993,0.011873,0,0.99993,0.011873,0,0.99993,0.011873,0,0.99993,-0.99993,0,0.011873,-0.99993,0,0.011873,0.003725,0,-0.99999,0.003725,0,-0.99999,0.009611,0,-1.5708,0.009611,0,-1.5708,0.009611,0,-1.5708,0.009611,0,-1.5708,0,-1.5708,0,0,-1.5708,0,-0.009611,0,1.5708,-0.009611,0,1.5708,1.5708,0,0.00439,1.5708,0,0.00439,1.5708,0,0.00439,1.5708,0,0.00439,0,-1.5708,0,0,-1.5708,0,-1.5708,0,-0.00439,-1.5708,0,-0.00439,-0.006931,0,1.5708,-0.006931,0,1.5708,-0.006931,0,1.5708,-0.006931,0,1.5708,0,-1.5708,0,0,-1.5708,0,0.006931,0,-1.5708,0.006931,0,-1.5708,-1.5708,0,-0.005851,-1.5708,0,-0.005851,-1.5708,0,-0.005851,-1.5708,0,-0.005851,0,-1.5708,0,0,-1.5708,0,1.5708,0,0.005851,1.5708,0,0.005851,0.01865,0,1.5707,0.01865,0,1.5707,0.01865,0,1.5707,0.01865,0,1.5707,0,-1.5708,0,0,-1.5708,0,-0.01865,0,-1.5707,-0.01865,0,-1.5707],

    "colors": [],