{

    "metadata" :
    {
        "formatVersion" : 3.1,
        "sourceFile"    : "window3.obj",
        "generatedBy"   : "OBJConverter",
        "vertices"      : 108,
        "faces"         : 188,
        "normals"       : 108,
        "colors"        : 0,
        "uvs"           : 0,
        "materials"     : 0
    },

    "scale" : 1.000000,

    "materials": [	{
	"DbgColor" : 15658734,
	"DbgIndex" : 0,
	"DbgName" : "default"
	}],

    "vertices": [-125.000000,-5.000000,250.000000,125.000000,-5.000000,250.000000,125.000000,-5.000000,248.000000,-125.000000,-5.000000,248.000000,-125.000000,-4.500000,250.000000,125.000000,-4.500000,250.000000,125.000000,-4.500000,248.000000,-125.000000,-4.500000,248.000000,-125.000000,-4.999970,1.999999,125.000000,-4.999970,1.999999,125.000000,-4.999970,-0.000001,-125.000000,-4.999970,-0.000001,-125.000000,-4.499970,1.999999,125.000000,-4.499970,2.000000,125.000000,-4.499970,-0.000001,-125.000000,-4.499970,-0.000001,-123.000000,-5.000000,248.000000,123.000000,-5.000000,248.000000,123.000000,-4.500000,248.000000,-123.000000,-4.500000,248.000000,-123.000000,-4.999970,1.999999,123.000000,-4.999970,1.999999,123.000000,-4.499970,2.000000,-123.000000,-4.499970,1.999999,-125.000000,4.500000,250.000000,125.000000,4.500000,250.000000,125.000000,4.500000,248.000000,-125.000000,4.500000,248.000000,-125.000000,5.000000,250.000000,125.000000,5.000000,250.000000,125.000000,5.000000,248.000000,-125.000000,5.000000,248.000000,-125.000000,4.500030,2.000000,125.000000,4.500030,2.000000,125.000000,4.500030,0.000001,-125.000000,4.500030,0.000001,-125.000000,5.000030,2.000000,125.000000,5.000030,2.000001,125.000000,5.000030,0.000001,-125.000000,5.000030,0.000001,-123.000000,4.500000,248.000000,123.000000,4.500000,248.000000,123.000000,5.000000,248.000000,-123.000000,5.000000,248.000000,-123.000000,4.500030,2.000000,123.000000,4.500030,2.000000,123.000000,5.000030,2.000001,-123.000000,5.000030,2.000000,-123.000000,0.000000,248.000000,123.000000,0.000000,248.000000,-123.000000,0.000030,2.000000,123.000000,0.000030,2.000000,-123.000000,-4.500000,248.000000,123.000000,-4.500000,248.000000,123.000000,-4.500000,247.000000,-123.000000,-4.500000,247.000000,-123.000000,0.000000,248.000000,123.000000,0.000000,248.000000,123.000000,0.000000,247.000000,-123.000000,0.000000,247.000000,-123.000000,-4.499970,3.000000,123.000000,-4.499970,3.000000,123.000000,-4.499970,2.000000,-123.000000,-4.499970,1.999999,-123.000000,0.000029,3.000000,123.000000,0.000029,3.000000,123.000000,0.000030,2.000000,-123.000000,0.000030,2.000000,-122.000000,-4.500000,247.000000,122.000000,-4.500000,247.000000,122.000000,-4.499970,3.000000,-122.000000,-4.499970,3.000000,-122.000000,0.000000,247.000000,122.000000,0.000000,247.000000,122.000000,0.000029,3.000000,-122.000000,0.000029,3.000000,-123.000000,0.000000,248.000000,123.000000,0.000000,248.000000,123.000000,0.000000,247.000000,-123.000000,0.000000,247.000000,-123.000000,4.500000,248.000000,123.000000,4.500000,248.000000,123.000000,4.500000,247.000000,-123.000000,4.500000,247.000000,-123.000000,0.000029,3.000000,123.000000,0.000029,3.000000,123.000000,0.000030,2.000000,-123.000000,0.000030,2.000000,-123.000000,4.500030,3.000000,123.000000,4.500030,3.000000,123.000000,4.500030,2.000000,-123.000000,4.500030,2.000000,-122.000000,0.000000,247.000000,122.000000,0.000000,247.000000,122.000000,0.000029,3.000000,-122.000000,0.000029,3.000000,-122.000000,4.500000,247.000000,122.000000,4.500000,247.000000,122.000000,4.500030,3.000000,-122.000000,4.500030,3.000000,-123.000000,-0.125000,248.000000,123.000000,-0.125000,248.000000,-123.000000,-0.124970,2.000000,123.000000,-0.124970,2.000000,-123.000000,0.125000,248.000000,123.000000,0.125000,248.000000,-123.000000,0.125030,2.000000,123.000000,0.125030,2.000000],

    "morphTargets": [],

    "morphColors": [],

    "normals": [0,-1,-0,0,-1,-0,0,-1,-0,0,-1,-0,-1,0,-0,1,0,0,1,0,0,-1,0,-0,0,-1,-0,0,-1,-0,0,-1,-0,0,-1,-0,-1,0,-0,1,0,0,1,0,0,-1,0,-0,0,-1,-0,0,-1,-0,-1,0,-0,1,0,0,0,-1,-0,0,-1,-0,-1,0,-0,1,0,0,0,-1,-0,0,-1,-0,0,-1,-0,0,-1,-0,-1,0,-0,1,0,0,1,0,0,-1,0,-0,0,-1,-0,0,-1,-0,0,-1,-0,0,-1,-0,-1,0,-0,1,0,0,1,0,0,-1,0,-0,0,-1,-0,0,-1,-0,-1,0,-0,1,0,0,0,-1,-0,0,-1,-0,-1,0,-0,1,0,0,1,0,0,-1,0,-0,1,0,0,-1,0,-0,0,-1,-0,0,-1,-0,0,-1,-0,0,-1,-0,-0,1,0,-0,1,0,0,0,-1,0,0,-1,0,-1,-0,0,-1,-0,0,-1,-0,0,-1,-0,-0,-0,1,-0,-0,1,-0,1,0,-0,1,0,0,-1,-0,0,-1,-0,0,-1,-0,0,-1,-0,1,0,0,-1,0,-0,-1,0,-0,1,0,0,0,-1,-0,0,-1,-0,0,-1,-0,0,-1,-0,-0,1,0,-0,1,0,0,0,-1,0,0,-1,0,-1,-0,0,-1,-0,0,-1,-0,0,-1,-0,-0,-0,1,-0,-0,1,-0,1,0,-0,1,0,0,-1,-0,0,-1,-0,0,-1,-0,0,-1,-0,1,0,0,-1,0,-0,-1,0,-0,1,0,0,0,-1,-0,0,-1,-0,0,-1,-0,0,-1,-0,-1,0,-0,1,0,0,-1,0,-0,0,0,-1],

    "colors": [],

    "uvs": [[]],